Y,X,Pop01_percent,Pop02_percent,Pop03_percent,Pop04_percent,Pop05_percent,Pop06_percent,Pop07_percent,Pop08_percent,Pop09_percent,Pop10_percent
-9.9681703,-67.8374863,0.00945675 ,0.68355535 ,0.28938625 ,0.01760165 ,0.00000000 ,0.00000000 ,0.00000000 ,0.00000000 ,0.00000000 ,0.00000000 
-9.7489711,-36.6573523,0.57035837 ,0.42831548 ,0.00132615 ,0.00000000 ,0.00000000 ,0.00000000 ,0.00000000 ,0.00000000 ,0.00000000 ,0.00000000 
-9.6014739,-35.7474478,0.42360212 ,0.39017473 ,0.13575635 ,0.04344327 ,0.00424932 ,0.00188959 ,0.00088462 ,0.00000000 ,0.00000000 ,0.00000000 
-9.4151355,-36.6391408,0.14515507 ,0.85484493 ,0.00000000 ,0.00000000 ,0.00000000 ,0.00000000 ,0.00000000 ,0.00000000 ,0.00000000 ,0.00000000 
-3.0461334,-60.0071168,0.06375215 ,0.51563764 ,0.30114250 ,0.09263437 ,0.02104172 ,0.00555072 ,0.00023367 ,0.00000722 ,0.00000000 ,0.00000000 
0.0482811,-51.0761657,0.16994513 ,0.68388453 ,0.14479715 ,0.00137320 ,0.00000000 ,0.00000000 ,0.00000000 ,0.00000000 ,0.00000000 ,0.00000000 
0.7032972,-51.404867,0.03046827 ,0.87430435 ,0.09522739 ,0.00000000 ,0.00000000 ,0.00000000 ,0.00000000 ,0.00000000 ,0.00000000 ,0.00000000 
-0.0357653,-51.1711742,0.08177553 ,0.66127045 ,0.23178165 ,0.02517237 ,0.00000000 ,0.00000000 ,0.00000000 ,0.00000000 ,0.00000000 ,0.00000000 
-12.8279728,-38.2555841,0.03810231 ,0.61792540 ,0.33917857 ,0.00479372 ,0.00000000 ,0.00000000 ,0.00000000 ,0.00000000 ,0.00000000 ,0.00000000 
-12.1352106,-38.4222351,0.14173056 ,0.75064487 ,0.10762456 ,0.00000000 ,0.00000000 ,0.00000000 ,0.00000000 ,0.00000000 ,0.00000000 ,0.00000000 
-12.1416137,-44.9908765,0.09938570 ,0.78247350 ,0.11686871 ,0.00127208 ,0.00000000 ,0.00000000 ,0.00000000 ,0.00000000 ,0.00000000 ,0.00000000 
-13.2612496,-43.4053637,0.10547515 ,0.75058413 ,0.14394071 ,0.00000000 ,0.00000000 ,0.00000000 ,0.00000000 ,0.00000000 ,0.00000000 ,0.00000000 
-14.205029,-41.6691618,0.25464508 ,0.74527774 ,0.00007718 ,0.00000000 ,0.00000000 ,0.00000000 ,0.00000000 ,0.00000000 ,0.00000000 ,0.00000000 
-14.0660111,-42.4871819,0.00000000 ,0.48291557 ,0.49901055 ,0.01807388 ,0.00000000 ,0.00000000 ,0.00000000 ,0.00000000 ,0.00000000 ,0.00000000 
-12.7123661,-38.3280413,0.04307345 ,0.78431071 ,0.16468468 ,0.00793117 ,0.00000000 ,0.00000000 ,0.00000000 ,0.00000000 ,0.00000000 ,0.00000000 
-12.6703749,-38.5371195,0.01219330 ,0.80296034 ,0.18484637 ,0.00000000 ,0.00000000 ,0.00000000 ,0.00000000 ,0.00000000 ,0.00000000 ,0.00000000 
-9.1763416,-40.974357,0.99343876 ,0.00656124 ,0.00000000 ,0.00000000 ,0.00000000 ,0.00000000 ,0.00000000 ,0.00000000 ,0.00000000 ,0.00000000 
-12.6669099,-39.1067965,0.08919568 ,0.83206997 ,0.07873435 ,0.00000000 ,0.00000000 ,0.00000000 ,0.00000000 ,0.00000000 ,0.00000000 ,0.00000000 
-12.609399,-38.3058889,0.00503364 ,0.24511925 ,0.63345016 ,0.11639695 ,0.00000000 ,0.00000000 ,0.00000000 ,0.00000000 ,0.00000000 ,0.00000000 
-12.2559523,-38.9498551,0.49734454 ,0.47738353 ,0.02518723 ,0.00008471 ,0.00000000 ,0.00000000 ,0.00000000 ,0.00000000 ,0.00000000 ,0.00000000 
-14.219994,-42.7750339,0.24760784 ,0.75239216 ,0.00000000 ,0.00000000 ,0.00000000 ,0.00000000 ,0.00000000 ,0.00000000 ,0.00000000 ,0.00000000 
-14.8084248,-39.0448509,0.10271419 ,0.47010382 ,0.33536737 ,0.06775824 ,0.02405638 ,0.00000000 ,0.00000000 ,0.00000000 ,0.00000000 ,0.00000000 
-11.3078973,-41.857131,0.72286296 ,0.27713704 ,0.00000000 ,0.00000000 ,0.00000000 ,0.00000000 ,0.00000000 ,0.00000000 ,0.00000000 ,0.00000000 
-12.5303503,-40.30333,0.30620801 ,0.69379199 ,0.00000000 ,0.00000000 ,0.00000000 ,0.00000000 ,0.00000000 ,0.00000000 ,0.00000000 ,0.00000000 
-14.7922937,-39.275604,0.00697707 ,0.66401797 ,0.28347286 ,0.04160961 ,0.00392249 ,0.00000000 ,0.00000000 ,0.00000000 ,0.00000000 ,0.00000000 
-11.1838652,-40.5219783,0.26160026 ,0.65536858 ,0.04961459 ,0.03341657 ,0.00000000 ,0.00000000 ,0.00000000 ,0.00000000 ,0.00000000 ,0.00000000 
-13.8593117,-40.0890322,0.09586748 ,0.85191701 ,0.05221551 ,0.00000000 ,0.00000000 ,0.00000000 ,0.00000000 ,0.00000000 ,0.00000000 ,0.00000000 
-12.082279,-45.7849418,0.93756182 ,0.06243818 ,0.00000000 ,0.00000000 ,0.00000000 ,0.00000000 ,0.00000000 ,0.00000000 ,0.00000000 ,0.00000000 
-12.6947556,-43.1806214,0.34920410 ,0.65079590 ,0.00000000 ,0.00000000 ,0.00000000 ,0.00000000 ,0.00000000 ,0.00000000 ,0.00000000 ,0.00000000 
-9.4170156,-38.2218872,0.54528884 ,0.42746291 ,0.02692458 ,0.00032367 ,0.00000000 ,0.00000000 ,0.00000000 ,0.00000000 ,0.00000000 ,0.00000000 
-9.4096031,-40.5071832,0.86090690 ,0.13811081 ,0.00098229 ,0.00000000 ,0.00000000 ,0.00000000 ,0.00000000 ,0.00000000 ,0.00000000 ,0.00000000 
-9.6175994,-42.0845555,0.61984982 ,0.38015018 ,0.00000000 ,0.00000000 ,0.00000000 ,0.00000000 ,0.00000000 ,0.00000000 ,0.00000000 ,0.00000000 
-10.8345815,-38.5405688,0.17766044 ,0.82233956 ,0.00000000 ,0.00000000 ,0.00000000 ,0.00000000 ,0.00000000 ,0.00000000 ,0.00000000 ,0.00000000 
-12.9152342,-38.4243366,0.17622342 ,0.39288828 ,0.30083195 ,0.10874668 ,0.01923369 ,0.00201939 ,0.00005659 ,0.00000000 ,0.00000000 ,0.00000000 
-13.3971295,-44.1986538,0.07430436 ,0.90108921 ,0.02460643 ,0.00000000 ,0.00000000 ,0.00000000 ,0.00000000 ,0.00000000 ,0.00000000 ,0.00000000 
-12.9698866,-39.2599373,0.21209346 ,0.78450066 ,0.00340588 ,0.00000000 ,0.00000000 ,0.00000000 ,0.00000000 ,0.00000000 ,0.00000000 ,0.00000000 
-12.4350293,-39.2530172,0.02236989 ,0.88905511 ,0.08746173 ,0.00111328 ,0.00000000 ,0.00000000 ,0.00000000 ,0.00000000 ,0.00000000 ,0.00000000 
-10.4564231,-40.1870133,0.61618488 ,0.38381512 ,0.00000000 ,0.00000000 ,0.00000000 ,0.00000000 ,0.00000000 ,0.00000000 ,0.00000000 ,0.00000000 
-14.8685914,-40.8479016,0.53461125 ,0.44907933 ,0.01623890 ,0.00007053 ,0.00000000 ,0.00000000 ,0.00000000 ,0.00000000 ,0.00000000 ,0.00000000 
-5.1259347,-39.7316171,0.79251766 ,0.20748234 ,0.00000000 ,0.00000000 ,0.00000000 ,0.00000000 ,0.00000000 ,0.00000000 ,0.00000000 ,0.00000000 
-4.3559897,-39.3176638,0.21501531 ,0.77094656 ,0.01403813 ,0.00000000 ,0.00000000 ,0.00000000 ,0.00000000 ,0.00000000 ,0.00000000 ,0.00000000 
-4.1293651,-38.2429107,0.02687562 ,0.81050984 ,0.16216094 ,0.00045360 ,0.00000000 ,0.00000000 ,0.00000000 ,0.00000000 ,0.00000000 ,0.00000000 
-5.1762524,-40.6644009,0.70416568 ,0.29583432 ,0.00000000 ,0.00000000 ,0.00000000 ,0.00000000 ,0.00000000 ,0.00000000 ,0.00000000 ,0.00000000 
-7.2440608,-39.4029687,0.36516171 ,0.60161852 ,0.03321977 ,0.00000000 ,0.00000000 ,0.00000000 ,0.00000000 ,0.00000000 ,0.00000000 ,0.00000000 
-3.7945179,-38.5697988,0.11418303 ,0.59669405 ,0.22007204 ,0.05947468 ,0.00843658 ,0.00094447 ,0.00019515 ,0.00000000 ,0.00000000 ,0.00000000 
-4.1047045,-38.4953605,0.00677311 ,0.61387193 ,0.37920275 ,0.00015220 ,0.00000000 ,0.00000000 ,0.00000000 ,0.00000000 ,0.00000000 ,0.00000000 
-6.4033932,-38.8577212,0.99648240 ,0.00351760 ,0.00000000 ,0.00000000 ,0.00000000 ,0.00000000 ,0.00000000 ,0.00000000 ,0.00000000 ,0.00000000 
-6.3667863,-39.3024851,0.41224835 ,0.58775165 ,0.00000000 ,0.00000000 ,0.00000000 ,0.00000000 ,0.00000000 ,0.00000000 ,0.00000000 ,0.00000000 
-3.4923739,-39.5855038,0.01993286 ,0.78182648 ,0.19372536 ,0.00451531 ,0.00000000 ,0.00000000 ,0.00000000 ,0.00000000 ,0.00000000 ,0.00000000 
-7.2435431,-39.3114169,0.50743339 ,0.44681717 ,0.04426217 ,0.00148728 ,0.00000000 ,0.00000000 ,0.00000000 ,0.00000000 ,0.00000000 ,0.00000000 
-5.1460611,-38.0934875,0.05109469 ,0.92765552 ,0.02124979 ,0.00000000 ,0.00000000 ,0.00000000 ,0.00000000 ,0.00000000 ,0.00000000 ,0.00000000 
-4.1787539,-38.4626319,0.01610793 ,0.49819424 ,0.47325378 ,0.01244406 ,0.00000000 ,0.00000000 ,0.00000000 ,0.00000000 ,0.00000000 ,0.00000000 
-5.1899719,-39.2918368,0.32817009 ,0.65963838 ,0.01219153 ,0.00000000 ,0.00000000 ,0.00000000 ,0.00000000 ,0.00000000 ,0.00000000 ,0.00000000 
-3.6854001,-40.3520013,0.62079384 ,0.37920616 ,0.00000000 ,0.00000000 ,0.00000000 ,0.00000000 ,0.00000000 ,0.00000000 ,0.00000000 ,0.00000000 
-5.9991742,-40.2913673,0.08883293 ,0.80813375 ,0.10303332 ,0.00000000 ,0.00000000 ,0.00000000 ,0.00000000 ,0.00000000 ,0.00000000 ,0.00000000 
-3.7278568,-40.9961848,0.67772495 ,0.32227505 ,0.00000000 ,0.00000000 ,0.00000000 ,0.00000000 ,0.00000000 ,0.00000000 ,0.00000000 ,0.00000000 
-20.8436965,-41.1400907,0.00715046 ,0.61414851 ,0.36637943 ,0.01232160 ,0.00000000 ,0.00000000 ,0.00000000 ,0.00000000 ,0.00000000 ,0.00000000 
-19.5330902,-40.6443353,0.02673567 ,0.65724095 ,0.30410194 ,0.01192144 ,0.00000000 ,0.00000000 ,0.00000000 ,0.00000000 ,0.00000000 ,0.00000000 
-20.6597273,-40.4966046,0.15187002 ,0.44325567 ,0.32988964 ,0.07498467 ,0.00000000 ,0.00000000 ,0.00000000 ,0.00000000 ,0.00000000 ,0.00000000 
-19.3703086,-40.0555877,0.23777664 ,0.73176599 ,0.03045737 ,0.00000000 ,0.00000000 ,0.00000000 ,0.00000000 ,0.00000000 ,0.00000000 ,0.00000000 
-18.7216965,-39.8634396,0.02831050 ,0.90222055 ,0.06946894 ,0.00000000 ,0.00000000 ,0.00000000 ,0.00000000 ,0.00000000 ,0.00000000 ,0.00000000 
-20.172567,-40.2449678,0.06254743 ,0.59034318 ,0.30785720 ,0.03742920 ,0.00182299 ,0.00000000 ,0.00000000 ,0.00000000 ,0.00000000 ,0.00000000 
-20.3439314,-40.3537045,0.16918255 ,0.53513084 ,0.22417543 ,0.05609825 ,0.01420821 ,0.00117673 ,0.00002798 ,0.00000000 ,0.00000000 ,0.00000000 
-16.3228485,-48.947403,0.25526983 ,0.64235823 ,0.10054702 ,0.00182493 ,0.00000000 ,0.00000000 ,0.00000000 ,0.00000000 ,0.00000000 ,0.00000000 
-15.8612561,-47.9583335,0.49780753 ,0.32104945 ,0.10643362 ,0.05132922 ,0.02336183 ,0.00001836 ,0.00000000 ,0.00000000 ,0.00000000 ,0.00000000 
-17.7466396,-48.61324,0.05214013 ,0.84682193 ,0.09528353 ,0.00429389 ,0.00146051 ,0.00000000 ,0.00000000 ,0.00000000 ,0.00000000 ,0.00000000 
-18.1690413,-47.9425322,0.62795363 ,0.34053233 ,0.02652946 ,0.00498459 ,0.00000000 ,0.00000000 ,0.00000000 ,0.00000000 ,0.00000000 ,0.00000000 
-15.5480502,-47.3250152,0.62704605 ,0.28400820 ,0.07693163 ,0.01201411 ,0.00000000 ,0.00000000 ,0.00000000 ,0.00000000 ,0.00000000 ,0.00000000 
-15.3200881,-49.1222025,0.01713892 ,0.48600794 ,0.45929337 ,0.03715459 ,0.00040518 ,0.00000000 ,0.00000000 ,0.00000000 ,0.00000000 ,0.00000000 
-16.7084021,-49.2900314,0.04466202 ,0.63697102 ,0.26872704 ,0.04260754 ,0.00658040 ,0.00038694 ,0.00006257 ,0.00000247 ,0.00000000 ,0.00000000 
-18.4115159,-49.2287801,0.38894630 ,0.60656446 ,0.00448924 ,0.00000000 ,0.00000000 ,0.00000000 ,0.00000000 ,0.00000000 ,0.00000000 ,0.00000000 
-17.8792302,-51.7180954,0.16781441 ,0.74307243 ,0.08911316 ,0.00000000 ,0.00000000 ,0.00000000 ,0.00000000 ,0.00000000 ,0.00000000 ,0.00000000 
-16.1979622,-47.9378101,0.19952407 ,0.62132886 ,0.15697773 ,0.02117311 ,0.00099623 ,0.00000000 ,0.00000000 ,0.00000000 ,0.00000000 ,0.00000000 
-17.5616307,-52.5533487,0.03537073 ,0.62116288 ,0.29019019 ,0.05327619 ,0.00000000 ,0.00000000 ,0.00000000 ,0.00000000 ,0.00000000 ,0.00000000 
-15.4525075,-47.6068322,0.85420278 ,0.14525930 ,0.00053792 ,0.00000000 ,0.00000000 ,0.00000000 ,0.00000000 ,0.00000000 ,0.00000000 ,0.00000000 
-4.9455013,-47.486047,0.19836306 ,0.71612615 ,0.08551080 ,0.00000000 ,0.00000000 ,0.00000000 ,0.00000000 ,0.00000000 ,0.00000000 ,0.00000000 
-4.2246886,-44.7882383,0.03771357 ,0.80745852 ,0.15482791 ,0.00000000 ,0.00000000 ,0.00000000 ,0.00000000 ,0.00000000 ,0.00000000 ,0.00000000 
-7.5201708,-46.0484017,0.01546535 ,0.61618712 ,0.31658741 ,0.05176011 ,0.00000000 ,0.00000000 ,0.00000000 ,0.00000000 ,0.00000000 ,0.00000000 
-4.8611412,-43.3487235,0.00994018 ,0.14683988 ,0.53100240 ,0.28879476 ,0.02342278 ,0.00000000 ,0.00000000 ,0.00000000 ,0.00000000 ,0.00000000 
-3.7295748,-43.3495148,0.00926260 ,0.23066363 ,0.68257578 ,0.06393688 ,0.01356111 ,0.00000000 ,0.00000000 ,0.00000000 ,0.00000000 ,0.00000000 
-4.462115,-43.8858171,0.04776648 ,0.59510561 ,0.35511329 ,0.00201462 ,0.00000000 ,0.00000000 ,0.00000000 ,0.00000000 ,0.00000000 ,0.00000000 
-5.5192044,-47.4668048,0.16965183 ,0.63923011 ,0.14794961 ,0.03580667 ,0.00651588 ,0.00081832 ,0.00002758 ,0.00000000 ,0.00000000 ,0.00000000 
-4.5659986,-45.1298122,0.16250852 ,0.74053170 ,0.09695978 ,0.00000000 ,0.00000000 ,0.00000000 ,0.00000000 ,0.00000000 ,0.00000000 ,0.00000000 
-2.524934,-45.0932081,0.03341172 ,0.87686324 ,0.08972504 ,0.00000000 ,0.00000000 ,0.00000000 ,0.00000000 ,0.00000000 ,0.00000000 ,0.00000000 
-6.3480548,-47.3906274,0.05358999 ,0.64702948 ,0.29938053 ,0.00000000 ,0.00000000 ,0.00000000 ,0.00000000 ,0.00000000 ,0.00000000 ,0.00000000 
-3.6567947,-45.3746577,0.10114182 ,0.82269541 ,0.07616277 ,0.00000000 ,0.00000000 ,0.00000000 ,0.00000000 ,0.00000000 ,0.00000000 ,0.00000000 
-2.5414181,-44.2297116,0.18730735 ,0.50321006 ,0.22770923 ,0.07173080 ,0.00964236 ,0.00040020 ,0.00000000 ,0.00000000 ,0.00000000 ,0.00000000 
-4.5674183,-44.6064596,0.02572907 ,0.55767278 ,0.41659815 ,0.00000000 ,0.00000000 ,0.00000000 ,0.00000000 ,0.00000000 ,0.00000000 ,0.00000000 
-21.4192548,-45.9551735,0.50014298 ,0.48507830 ,0.01477872 ,0.00000000 ,0.00000000 ,0.00000000 ,0.00000000 ,0.00000000 ,0.00000000 ,0.00000000 
-18.6485027,-48.192506,0.13876555 ,0.83515194 ,0.02608251 ,0.00000000 ,0.00000000 ,0.00000000 ,0.00000000 ,0.00000000 ,0.00000000 ,0.00000000 
-19.5900856,-46.937082,0.11304613 ,0.72828610 ,0.15269613 ,0.00597164 ,0.00000000 ,0.00000000 ,0.00000000 ,0.00000000 ,0.00000000 ,0.00000000 
-20.2874311,-45.5430467,0.33639773 ,0.62799081 ,0.03503085 ,0.00058062 ,0.00000000 ,0.00000000 ,0.00000000 ,0.00000000 ,0.00000000 ,0.00000000 
-21.2172045,-43.7696023,0.09781695 ,0.66775321 ,0.21872937 ,0.01570047 ,0.00000000 ,0.00000000 ,0.00000000 ,0.00000000 ,0.00000000 ,0.00000000 
-19.9113067,-44.0166911,0.15474437 ,0.62096634 ,0.19570306 ,0.02642373 ,0.00205167 ,0.00011005 ,0.00000078 ,0.00000000 ,0.00000000 ,0.00000000 
-20.89304,-45.2725486,0.01611449 ,0.81873962 ,0.16514588 ,0.00000000 ,0.00000000 ,0.00000000 ,0.00000000 ,0.00000000 ,0.00000000 ,0.00000000 
-20.6693334,-43.7856071,0.11881356 ,0.78164746 ,0.09755254 ,0.00198644 ,0.00000000 ,0.00000000 ,0.00000000 ,0.00000000 ,0.00000000 ,0.00000000 
-20.1480013,-44.8887782,0.18580648 ,0.64406577 ,0.16789435 ,0.00223340 ,0.00000000 ,0.00000000 ,0.00000000 ,0.00000000 ,0.00000000 ,0.00000000 
-18.8743414,-41.9664846,0.00995351 ,0.63788089 ,0.31169196 ,0.03677572 ,0.00369792 ,0.00000000 ,0.00000000 ,0.00000000 ,0.00000000 ,0.00000000 
-19.4596641,-42.5509755,0.01393616 ,0.69893930 ,0.28415411 ,0.00297044 ,0.00000000 ,0.00000000 ,0.00000000 ,0.00000000 ,0.00000000 ,0.00000000 
-20.079012,-44.5822714,0.23517637 ,0.75658146 ,0.00824216 ,0.00000000 ,0.00000000 ,0.00000000 ,0.00000000 ,0.00000000 ,0.00000000 ,0.00000000 
-18.981529,-49.4603996,0.06074905 ,0.79935382 ,0.13989712 ,0.00000000 ,0.00000000 ,0.00000000 ,0.00000000 ,0.00000000 ,0.00000000 ,0.00000000 
-15.478727,-44.3713425,0.00814655 ,0.74495690 ,0.24689655 ,0.00000000 ,0.00000000 ,0.00000000 ,0.00000000 ,0.00000000 ,0.00000000 ,0.00000000 
-21.7484191,-43.366925,0.07651153 ,0.58387586 ,0.30565817 ,0.03395444 ,0.00000000 ,0.00000000 ,0.00000000 ,0.00000000 ,0.00000000 ,0.00000000 
-20.0243269,-45.5387257,0.58246745 ,0.39571663 ,0.02181592 ,0.00000000 ,0.00000000 ,0.00000000 ,0.00000000 ,0.00000000 ,0.00000000 ,0.00000000 
-21.2411159,-44.9989714,0.04206695 ,0.65157232 ,0.29477612 ,0.01158462 ,0.00000000 ,0.00000000 ,0.00000000 ,0.00000000 ,0.00000000 ,0.00000000 
-16.7246347,-43.8792457,0.04868998 ,0.68126874 ,0.24514013 ,0.02149033 ,0.00341082 ,0.00000000 ,0.00000000 ,0.00000000 ,0.00000000 ,0.00000000 
-19.87183,-44.9886636,0.18667751 ,0.80414120 ,0.00918129 ,0.00000000 ,0.00000000 ,0.00000000 ,0.00000000 ,0.00000000 ,0.00000000 ,0.00000000 
-17.2232416,-46.8713947,0.30271844 ,0.62950257 ,0.06627164 ,0.00150735 ,0.00000000 ,0.00000000 ,0.00000000 ,0.00000000 ,0.00000000 ,0.00000000 
-20.7257633,-46.6103735,0.51752685 ,0.46072650 ,0.02174665 ,0.00000000 ,0.00000000 ,0.00000000 ,0.00000000 ,0.00000000 ,0.00000000 ,0.00000000 
-18.5951315,-46.5101065,0.28314783 ,0.65632663 ,0.06052555 ,0.00000000 ,0.00000000 ,0.00000000 ,0.00000000 ,0.00000000 ,0.00000000 ,0.00000000 
-17.3533601,-44.9468168,0.08292465 ,0.73469064 ,0.16662208 ,0.01441522 ,0.00134740 ,0.00000000 ,0.00000000 ,0.00000000 ,0.00000000 ,0.00000000 
-21.7951646,-46.5498488,0.08952650 ,0.84743749 ,0.06303601 ,0.00000000 ,0.00000000 ,0.00000000 ,0.00000000 ,0.00000000 ,0.00000000 ,0.00000000 
-22.2483122,-45.9265651,0.49087201 ,0.48942719 ,0.01970080 ,0.00000000 ,0.00000000 ,0.00000000 ,0.00000000 ,0.00000000 ,0.00000000 ,0.00000000 
-19.7609932,-44.0773107,0.00071410 ,0.29103702 ,0.64644789 ,0.06180100 ,0.00000000 ,0.00000000 ,0.00000000 ,0.00000000 ,0.00000000 ,0.00000000 
-16.1636395,-42.2951545,0.01773405 ,0.77011527 ,0.21215068 ,0.00000000 ,0.00000000 ,0.00000000 ,0.00000000 ,0.00000000 ,0.00000000 ,0.00000000 
-21.12234,-44.2493905,0.04741479 ,0.45437019 ,0.38887505 ,0.08984825 ,0.01949172 ,0.00000000 ,0.00000000 ,0.00000000 ,0.00000000 ,0.00000000 
-19.4493869,-44.2297862,0.05206459 ,0.61989478 ,0.28147678 ,0.04540276 ,0.00116110 ,0.00000000 ,0.00000000 ,0.00000000 ,0.00000000 ,0.00000000 
-15.8106787,-42.2277023,0.91448469 ,0.08551531 ,0.00000000 ,0.00000000 ,0.00000000 ,0.00000000 ,0.00000000 ,0.00000000 ,0.00000000 ,0.00000000 
-17.8637422,-41.5045224,0.00720109 ,0.22357737 ,0.65432385 ,0.09805786 ,0.01612852 ,0.00071132 ,0.00000000 ,0.00000000 ,0.00000000 ,0.00000000 
-19.757762,-47.9493222,0.27729756 ,0.68628268 ,0.03360379 ,0.00278283 ,0.00003313 ,0.00000000 ,0.00000000 ,0.00000000 ,0.00000000 ,0.00000000 
-18.9209723,-48.2734953,0.41032446 ,0.54320220 ,0.04446227 ,0.00167169 ,0.00030756 ,0.00003182 ,0.00000000 ,0.00000000 ,0.00000000 ,0.00000000 
-16.3722711,-46.8977031,0.25947665 ,0.72649584 ,0.01402751 ,0.00000000 ,0.00000000 ,0.00000000 ,0.00000000 ,0.00000000 ,0.00000000 ,0.00000000 
-21.5613492,-45.4380356,0.11794785 ,0.82218497 ,0.05986718 ,0.00000000 ,0.00000000 ,0.00000000 ,0.00000000 ,0.00000000 ,0.00000000 ,0.00000000 
-23.1155209,-55.2280019,0.04846884 ,0.91924932 ,0.03228184 ,0.00000000 ,0.00000000 ,0.00000000 ,0.00000000 ,0.00000000 ,0.00000000 ,0.00000000 
-20.0833667,-51.0998784,0.16087698 ,0.83912302 ,0.00000000 ,0.00000000 ,0.00000000 ,0.00000000 ,0.00000000 ,0.00000000 ,0.00000000 ,0.00000000 
-20.4734009,-55.7911585,0.00988129 ,0.09069907 ,0.79583316 ,0.10358649 ,0.00000000 ,0.00000000 ,0.00000000 ,0.00000000 ,0.00000000 ,0.00000000 
-21.1226784,-56.4892463,0.05265882 ,0.64527059 ,0.30207059 ,0.00000000 ,0.00000000 ,0.00000000 ,0.00000000 ,0.00000000 ,0.00000000 ,0.00000000 
-20.4790909,-54.6137673,0.05806799 ,0.82459875 ,0.11004120 ,0.00681823 ,0.00047383 ,0.00000000 ,0.00000000 ,0.00000000 ,0.00000000 ,0.00000000 
-19.0242272,-57.6346059,0.00037925 ,0.22995663 ,0.58991332 ,0.11729174 ,0.04706150 ,0.01539756 ,0.00000000 ,0.00000000 ,0.00000000 ,0.00000000 
-18.5395194,-53.1389178,0.22418702 ,0.77581298 ,0.00000000 ,0.00000000 ,0.00000000 ,0.00000000 ,0.00000000 ,0.00000000 ,0.00000000 ,0.00000000 
-18.514203,-54.74573,0.00899900 ,0.54196756 ,0.44661704 ,0.00241640 ,0.00000000 ,0.00000000 ,0.00000000 ,0.00000000 ,0.00000000 ,0.00000000 
-22.2351366,-54.7974591,0.03050044 ,0.71192241 ,0.25757715 ,0.00000000 ,0.00000000 ,0.00000000 ,0.00000000 ,0.00000000 ,0.00000000 ,0.00000000 
-21.4790261,-56.1503439,0.03418888 ,0.27911527 ,0.63735243 ,0.04934341 ,0.00000000 ,0.00000000 ,0.00000000 ,0.00000000 ,0.00000000 ,0.00000000 
-21.6204206,-55.1635619,0.10865359 ,0.85296103 ,0.03838538 ,0.00000000 ,0.00000000 ,0.00000000 ,0.00000000 ,0.00000000 ,0.00000000 ,0.00000000 
-19.6803736,-51.1824422,0.05427589 ,0.51214835 ,0.42866497 ,0.00491079 ,0.00000000 ,0.00000000 ,0.00000000 ,0.00000000 ,0.00000000 ,0.00000000 
-22.5362897,-55.7225905,0.09570642 ,0.66756798 ,0.23377015 ,0.00295545 ,0.00000000 ,0.00000000 ,0.00000000 ,0.00000000 ,0.00000000 ,0.00000000 
-20.7898721,-51.7047943,0.10571550 ,0.82951538 ,0.05229894 ,0.01247018 ,0.00000000 ,0.00000000 ,0.00000000 ,0.00000000 ,0.00000000 ,0.00000000 
-9.8794219,-56.078627,0.00884483 ,0.60697674 ,0.37872665 ,0.00545177 ,0.00000000 ,0.00000000 ,0.00000000 ,0.00000000 ,0.00000000 ,0.00000000 
-15.4647661,-58.3444713,0.25715371 ,0.74284629 ,0.00000000 ,0.00000000 ,0.00000000 ,0.00000000 ,0.00000000 ,0.00000000 ,0.00000000 ,0.00000000 
-15.0685786,-57.1909659,0.01173142 ,0.65298002 ,0.31214997 ,0.02313860 ,0.00000000 ,0.00000000 ,0.00000000 ,0.00000000 ,0.00000000 ,0.00000000 
-15.8884818,-52.2781862,0.00612354 ,0.37449952 ,0.54615138 ,0.06820469 ,0.00502088 ,0.00000000 ,0.00000000 ,0.00000000 ,0.00000000 ,0.00000000 
-16.0780093,-57.67868,0.00435737 ,0.30015584 ,0.63228962 ,0.06303314 ,0.00016404 ,0.00000000 ,0.00000000 ,0.00000000 ,0.00000000 ,0.00000000 
-15.5524669,-55.1606624,0.59857837 ,0.40142163 ,0.00000000 ,0.00000000 ,0.00000000 ,0.00000000 ,0.00000000 ,0.00000000 ,0.00000000 ,0.00000000 
-15.6158788,-56.0720511,0.05092855 ,0.59731810 ,0.30419527 ,0.04558964 ,0.00179109 ,0.00017734 ,0.00000000 ,0.00000000 ,0.00000000 ,0.00000000 
-9.9521816,-54.9095191,0.40886324 ,0.59113676 ,0.00000000 ,0.00000000 ,0.00000000 ,0.00000000 ,0.00000000 ,0.00000000 ,0.00000000 ,0.00000000 
-11.4275173,-58.7657954,0.09817364 ,0.83994177 ,0.06188460 ,0.00000000 ,0.00000000 ,0.00000000 ,0.00000000 ,0.00000000 ,0.00000000 ,0.00000000 
-13.0772872,-55.9230401,0.29006755 ,0.70993245 ,0.00000000 ,0.00000000 ,0.00000000 ,0.00000000 ,0.00000000 ,0.00000000 ,0.00000000 ,0.00000000 
-15.680945,-58.0921237,0.13032383 ,0.86940028 ,0.00027589 ,0.00000000 ,0.00000000 ,0.00000000 ,0.00000000 ,0.00000000 ,0.00000000 ,0.00000000 
-14.6659919,-52.3558415,0.16550532 ,0.57756843 ,0.23858632 ,0.01833993 ,0.00000000 ,0.00000000 ,0.00000000 ,0.00000000 ,0.00000000 ,0.00000000 
-10.2428156,-54.9911468,0.11565028 ,0.87526318 ,0.00908654 ,0.00000000 ,0.00000000 ,0.00000000 ,0.00000000 ,0.00000000 ,0.00000000 ,0.00000000 
-15.2359052,-59.3305264,0.13331441 ,0.86650308 ,0.00018251 ,0.00000000 ,0.00000000 ,0.00000000 ,0.00000000 ,0.00000000 ,0.00000000 ,0.00000000 
-15.5455652,-54.306183,0.46463551 ,0.53231775 ,0.00304674 ,0.00000000 ,0.00000000 ,0.00000000 ,0.00000000 ,0.00000000 ,0.00000000 ,0.00000000 
-16.4628954,-54.6275948,0.03352210 ,0.76977838 ,0.19265725 ,0.00396181 ,0.00008046 ,0.00000000 ,0.00000000 ,0.00000000 ,0.00000000 ,0.00000000 
-15.6256129,-58.1784479,0.07116168 ,0.92883832 ,0.00000000 ,0.00000000 ,0.00000000 ,0.00000000 ,0.00000000 ,0.00000000 ,0.00000000 ,0.00000000 
-11.8740586,-55.512654,0.41025263 ,0.56262466 ,0.02647495 ,0.00064776 ,0.00000000 ,0.00000000 ,0.00000000 ,0.00000000 ,0.00000000 ,0.00000000 
-12.5569273,-55.7335474,0.08319546 ,0.87041283 ,0.04639170 ,0.00000000 ,0.00000000 ,0.00000000 ,0.00000000 ,0.00000000 ,0.00000000 ,0.00000000 
-14.6167904,-57.5013028,0.13859222 ,0.78777314 ,0.07363464 ,0.00000000 ,0.00000000 ,0.00000000 ,0.00000000 ,0.00000000 ,0.00000000 ,0.00000000 
-1.7252778,-48.8742001,0.03922996 ,0.60447069 ,0.17151279 ,0.16023145 ,0.02455511 ,0.00000000 ,0.00000000 ,0.00000000 ,0.00000000 ,0.00000000 
-3.1990613,-52.2238205,0.58625309 ,0.40091715 ,0.01282976 ,0.00000000 ,0.00000000 ,0.00000000 ,0.00000000 ,0.00000000 ,0.00000000 ,0.00000000 
-1.5133467,-48.6151658,0.00028603 ,0.23854982 ,0.72115557 ,0.04000858 ,0.00000000 ,0.00000000 ,0.00000000 ,0.00000000 ,0.00000000 ,0.00000000 
-1.3658422,-48.4191757,0.31589411 ,0.45328933 ,0.19046337 ,0.03462354 ,0.00492845 ,0.00074422 ,0.00005698 ,0.00000000 ,0.00000000 ,0.00000000 
-1.0549764,-46.7736469,0.04591795 ,0.34384709 ,0.53442960 ,0.07580537 ,0.00000000 ,0.00000000 ,0.00000000 ,0.00000000 ,0.00000000 ,0.00000000 
-6.5312688,-49.8556204,0.37315170 ,0.62677399 ,0.00007430 ,0.00000000 ,0.00000000 ,0.00000000 ,0.00000000 ,0.00000000 ,0.00000000 ,0.00000000 
-1.1974843,-47.1761231,0.02690459 ,0.45313964 ,0.45155792 ,0.06839786 ,0.00000000 ,0.00000000 ,0.00000000 ,0.00000000 ,0.00000000 ,0.00000000 
-1.2926249,-47.9170619,0.21353509 ,0.65772837 ,0.11016988 ,0.01856665 ,0.00000000 ,0.00000000 ,0.00000000 ,0.00000000 ,0.00000000 ,0.00000000 
-4.2529278,-55.9990995,0.14967239 ,0.57525374 ,0.23663869 ,0.03843518 ,0.00000000 ,0.00000000 ,0.00000000 ,0.00000000 ,0.00000000 ,0.00000000 
-4.4451173,-49.1105832,0.07330237 ,0.87366637 ,0.04543743 ,0.00759382 ,0.00000000 ,0.00000000 ,0.00000000 ,0.00000000 ,0.00000000 ,0.00000000 
-1.5206713,-48.6948113,0.00159519 ,0.17238137 ,0.58970010 ,0.16637002 ,0.06961749 ,0.00033583 ,0.00000000 ,0.00000000 ,0.00000000 ,0.00000000 
-5.358874,-49.1087137,0.21646969 ,0.53119588 ,0.23606885 ,0.01626558 ,0.00000000 ,0.00000000 ,0.00000000 ,0.00000000 ,0.00000000 ,0.00000000 
-2.9941529,-47.3595755,0.21917550 ,0.73580842 ,0.04501608 ,0.00000000 ,0.00000000 ,0.00000000 ,0.00000000 ,0.00000000 ,0.00000000 ,0.00000000 
-6.0744217,-49.8733471,0.07294470 ,0.77227438 ,0.14912799 ,0.00529552 ,0.00035741 ,0.00000000 ,0.00000000 ,0.00000000 ,0.00000000 ,0.00000000 
-8.0411178,-50.0266354,0.01726914 ,0.63432115 ,0.34840971 ,0.00000000 ,0.00000000 ,0.00000000 ,0.00000000 ,0.00000000 ,0.00000000 ,0.00000000 
-4.783026,-48.0758433,0.20843973 ,0.78519801 ,0.00636226 ,0.00000000 ,0.00000000 ,0.00000000 ,0.00000000 ,0.00000000 ,0.00000000 ,0.00000000 
-0.6317756,-47.3445068,0.00695457 ,0.47016227 ,0.44432761 ,0.07855555 ,0.00000000 ,0.00000000 ,0.00000000 ,0.00000000 ,0.00000000 ,0.00000000 
-2.4511781,-54.7204234,0.01580206 ,0.54568990 ,0.38730868 ,0.04292581 ,0.00827354 ,0.00000000 ,0.00000000 ,0.00000000 ,0.00000000 ,0.00000000 
-2.9404971,-48.9502703,0.05175595 ,0.70711520 ,0.23979923 ,0.00132963 ,0.00000000 ,0.00000000 ,0.00000000 ,0.00000000 ,0.00000000 ,0.00000000 
-3.7687845,-49.6787824,0.00369283 ,0.21997771 ,0.68645784 ,0.08987162 ,0.00000000 ,0.00000000 ,0.00000000 ,0.00000000 ,0.00000000 ,0.00000000 
-7.1026906,-49.9438302,0.00365291 ,0.57648693 ,0.37116221 ,0.04802564 ,0.00067231 ,0.00000000 ,0.00000000 ,0.00000000 ,0.00000000 ,0.00000000 
-6.8844735,-38.5563187,0.23300510 ,0.76699490 ,0.00000000 ,0.00000000 ,0.00000000 ,0.00000000 ,0.00000000 ,0.00000000 ,0.00000000 ,0.00000000 
-7.236434,-35.8974664,0.60649231 ,0.38464977 ,0.00852645 ,0.00033146 ,0.00000000 ,0.00000000 ,0.00000000 ,0.00000000 ,0.00000000 ,0.00000000 
-6.8531812,-35.4922329,0.25450728 ,0.74549272 ,0.00000000 ,0.00000000 ,0.00000000 ,0.00000000 ,0.00000000 ,0.00000000 ,0.00000000 ,0.00000000 
-7.1128313,-34.8796745,0.40963425 ,0.50240192 ,0.07118397 ,0.01517348 ,0.00160639 ,0.00000000 ,0.00000000 ,0.00000000 ,0.00000000 ,0.00000000 
-7.0320497,-37.2862311,0.44823923 ,0.55163914 ,0.00012163 ,0.00000000 ,0.00000000 ,0.00000000 ,0.00000000 ,0.00000000 ,0.00000000 ,0.00000000 
-6.7664137,-38.2346334,0.99204172 ,0.00795828 ,0.00000000 ,0.00000000 ,0.00000000 ,0.00000000 ,0.00000000 ,0.00000000 ,0.00000000 ,0.00000000 
-7.5738334,-40.4984204,0.79625943 ,0.20374057 ,0.00000000 ,0.00000000 ,0.00000000 ,0.00000000 ,0.00000000 ,0.00000000 ,0.00000000 ,0.00000000 
-8.4199975,-37.060314,0.78454614 ,0.21545386 ,0.00000000 ,0.00000000 ,0.00000000 ,0.00000000 ,0.00000000 ,0.00000000 ,0.00000000 ,0.00000000 
-8.2641182,-35.0099127,0.18172655 ,0.69410658 ,0.12141168 ,0.00275519 ,0.00000000 ,0.00000000 ,0.00000000 ,0.00000000 ,0.00000000 ,0.00000000 
-7.8441003,-35.2493495,0.33841339 ,0.61312022 ,0.04798676 ,0.00047963 ,0.00000000 ,0.00000000 ,0.00000000 ,0.00000000 ,0.00000000 ,0.00000000 
-8.2815231,-35.969988,0.63845153 ,0.35448561 ,0.00706285 ,0.00000000 ,0.00000000 ,0.00000000 ,0.00000000 ,0.00000000 ,0.00000000 ,0.00000000 
-8.2029243,-35.5687268,0.18614924 ,0.69412069 ,0.11852140 ,0.00120867 ,0.00000000 ,0.00000000 ,0.00000000 ,0.00000000 ,0.00000000 ,0.00000000 
-7.8456506,-34.9130662,0.00809248 ,0.49944955 ,0.38981909 ,0.08951018 ,0.01312871 ,0.00000000 ,0.00000000 ,0.00000000 ,0.00000000 ,0.00000000 
-7.7646455,-34.8361485,0.07789499 ,0.47667562 ,0.34053989 ,0.10107898 ,0.00381052 ,0.00000000 ,0.00000000 ,0.00000000 ,0.00000000 ,0.00000000 
-7.8793634,-35.4464711,0.49333070 ,0.50666930 ,0.00000000 ,0.00000000 ,0.00000000 ,0.00000000 ,0.00000000 ,0.00000000 ,0.00000000 ,0.00000000 
-7.7615254,-40.2682708,0.31960640 ,0.68039360 ,0.00000000 ,0.00000000 ,0.00000000 ,0.00000000 ,0.00000000 ,0.00000000 ,0.00000000 ,0.00000000 
-7.63941,-34.8217504,0.09175802 ,0.72743267 ,0.18080931 ,0.00000000 ,0.00000000 ,0.00000000 ,0.00000000 ,0.00000000 ,0.00000000 ,0.00000000 
-8.0370481,-34.9337695,0.15611845 ,0.57687422 ,0.19949892 ,0.05600445 ,0.00970179 ,0.00156700 ,0.00022020 ,0.00000726 ,0.00000771 ,0.00000000 
-8.0669743,-39.1302149,0.18432894 ,0.81567106 ,0.00000000 ,0.00000000 ,0.00000000 ,0.00000000 ,0.00000000 ,0.00000000 ,0.00000000 ,0.00000000 
-7.9532158,-36.2038605,0.93909134 ,0.06090866 ,0.00000000 ,0.00000000 ,0.00000000 ,0.00000000 ,0.00000000 ,0.00000000 ,0.00000000 ,0.00000000 
-7.9888133,-38.2949696,0.68484296 ,0.31515704 ,0.00000000 ,0.00000000 ,0.00000000 ,0.00000000 ,0.00000000 ,0.00000000 ,0.00000000 ,0.00000000 
-8.111826,-35.2929394,0.41251545 ,0.58691079 ,0.00057377 ,0.00000000 ,0.00000000 ,0.00000000 ,0.00000000 ,0.00000000 ,0.00000000 ,0.00000000 
-9.0683788,-44.3619762,0.00092811 ,0.06388491 ,0.47623651 ,0.43056576 ,0.02838470 ,0.00000000 ,0.00000000 ,0.00000000 ,0.00000000 ,0.00000000 
-10.4406577,-45.1595445,0.46916700 ,0.53058027 ,0.00025273 ,0.00000000 ,0.00000000 ,0.00000000 ,0.00000000 ,0.00000000 ,0.00000000 ,0.00000000 
-6.7710743,-43.0189593,0.00053745 ,0.13375080 ,0.41727599 ,0.43474946 ,0.01368630 ,0.00000000 ,0.00000000 ,0.00000000 ,0.00000000 ,0.00000000 
-2.9237016,-41.748236,0.03213014 ,0.77315098 ,0.17212087 ,0.02259801 ,0.00000000 ,0.00000000 ,0.00000000 ,0.00000000 ,0.00000000 ,0.00000000 
-7.0780667,-41.4446877,0.63010016 ,0.36989984 ,0.00000000 ,0.00000000 ,0.00000000 ,0.00000000 ,0.00000000 ,0.00000000 ,0.00000000 ,0.00000000 
-5.1110158,-42.7818578,0.06888431 ,0.54559937 ,0.34921022 ,0.03446706 ,0.00177678 ,0.00006226 ,0.00000000 ,0.00000000 ,0.00000000 ,0.00000000 
-23.5517281,-51.4515616,0.01121184 ,0.50783111 ,0.45086325 ,0.03009380 ,0.00000000 ,0.00000000 ,0.00000000 ,0.00000000 ,0.00000000 ,0.00000000 
-23.4291163,-51.4337209,0.17389604 ,0.77500148 ,0.05110249 ,0.00000000 ,0.00000000 ,0.00000000 ,0.00000000 ,0.00000000 ,0.00000000 ,0.00000000 
-25.5840201,-49.3959434,0.09934563 ,0.68530458 ,0.15932595 ,0.05247332 ,0.00355052 ,0.00000000 ,0.00000000 ,0.00000000 ,0.00000000 ,0.00000000 
-24.3984122,-53.5174392,0.24225163 ,0.73074217 ,0.02700620 ,0.00000000 ,0.00000000 ,0.00000000 ,0.00000000 ,0.00000000 ,0.00000000 ,0.00000000 
-23.2870271,-51.2622647,0.02882906 ,0.90153858 ,0.06816337 ,0.00146900 ,0.00000000 ,0.00000000 ,0.00000000 ,0.00000000 ,0.00000000 ,0.00000000 
-25.464007,-49.5421533,0.04027078 ,0.62358162 ,0.31109983 ,0.02504777 ,0.00000000 ,0.00000000 ,0.00000000 ,0.00000000 ,0.00000000 ,0.00000000 
-24.0300008,-52.3847102,0.02288430 ,0.86990877 ,0.10720693 ,0.00000000 ,0.00000000 ,0.00000000 ,0.00000000 ,0.00000000 ,0.00000000 ,0.00000000 
-24.9558989,-53.4525324,0.04244144 ,0.74596926 ,0.20858555 ,0.00300374 ,0.00000000 ,0.00000000 ,0.00000000 ,0.00000000 ,0.00000000 ,0.00000000 
-24.7934694,-50.0015567,0.28936809 ,0.63339614 ,0.07693918 ,0.00029659 ,0.00000000 ,0.00000000 ,0.00000000 ,0.00000000 ,0.00000000 ,0.00000000 
-23.6649684,-52.6102249,0.03732115 ,0.43338944 ,0.52928941 ,0.00000000 ,0.00000000 ,0.00000000 ,0.00000000 ,0.00000000 ,0.00000000 ,0.00000000 
-25.4424981,-49.2299696,0.13838228 ,0.60770704 ,0.18858747 ,0.04794926 ,0.01464961 ,0.00263591 ,0.00008843 ,0.00000000 ,0.00000000 ,0.00000000 
-25.747527,-53.0647333,0.01431700 ,0.38283603 ,0.60057487 ,0.00227211 ,0.00000000 ,0.00000000 ,0.00000000 ,0.00000000 ,0.00000000 ,0.00000000 
-25.6654814,-49.3123148,0.38213681 ,0.53871519 ,0.07914800 ,0.00000000 ,0.00000000 ,0.00000000 ,0.00000000 ,0.00000000 ,0.00000000 ,0.00000000 
-25.4955332,-54.5472752,0.03674763 ,0.54117038 ,0.38188588 ,0.02587825 ,0.00969370 ,0.00377923 ,0.00083182 ,0.00000655 ,0.00000655 ,0.00000000 
-26.0647342,-53.0526714,0.00479541 ,0.44853932 ,0.53658678 ,0.00780270 ,0.00227579 ,0.00000000 ,0.00000000 ,0.00000000 ,0.00000000 ,0.00000000 
-24.0914185,-54.2509811,0.02744074 ,0.58098324 ,0.39028664 ,0.00128938 ,0.00000000 ,0.00000000 ,0.00000000 ,0.00000000 ,0.00000000 ,0.00000000 
-25.3815502,-51.4774825,0.05306251 ,0.75127309 ,0.15662296 ,0.01674856 ,0.01028457 ,0.00658486 ,0.00401503 ,0.00140841 ,0.00000000 ,0.00000000 
-25.9020462,-48.5865869,0.08766588 ,0.62145551 ,0.22857941 ,0.06017600 ,0.00212320 ,0.00000000 ,0.00000000 ,0.00000000 ,0.00000000 ,0.00000000 
-23.2709612,-51.0504641,0.03633230 ,0.81529195 ,0.14482434 ,0.00355141 ,0.00000000 ,0.00000000 ,0.00000000 ,0.00000000 ,0.00000000 ,0.00000000 
-25.4791188,-50.6505816,0.14637342 ,0.69770535 ,0.14571837 ,0.01020287 ,0.00000000 ,0.00000000 ,0.00000000 ,0.00000000 ,0.00000000 ,0.00000000 
-24.550057,-54.062153,0.01929296 ,0.36619472 ,0.60778273 ,0.00672959 ,0.00000000 ,0.00000000 ,0.00000000 ,0.00000000 ,0.00000000 ,0.00000000 
-23.4181247,-51.9260015,0.02963071 ,0.49298648 ,0.45029510 ,0.02442718 ,0.00266054 ,0.00000000 ,0.00000000 ,0.00000000 ,0.00000000 ,0.00000000 
-25.8015031,-48.5299681,0.05604744 ,0.39541747 ,0.45347714 ,0.09495063 ,0.00010732 ,0.00000000 ,0.00000000 ,0.00000000 ,0.00000000 ,0.00000000 
-25.2895082,-54.0992747,0.00100149 ,0.30311837 ,0.68335166 ,0.01252847 ,0.00000000 ,0.00000000 ,0.00000000 ,0.00000000 ,0.00000000 ,0.00000000 
-24.2868621,-53.8383414,0.03501227 ,0.77629106 ,0.18869668 ,0.00000000 ,0.00000000 ,0.00000000 ,0.00000000 ,0.00000000 ,0.00000000 ,0.00000000 
-25.5493883,-48.5456376,0.55360705 ,0.42281279 ,0.02004931 ,0.00353084 ,0.00000000 ,0.00000000 ,0.00000000 ,0.00000000 ,0.00000000 ,0.00000000 
-23.0789695,-52.4587794,0.03520324 ,0.61356914 ,0.35122762 ,0.00000000 ,0.00000000 ,0.00000000 ,0.00000000 ,0.00000000 ,0.00000000 ,0.00000000 
-26.2311189,-52.679375,0.04521630 ,0.58261878 ,0.37124707 ,0.00091785 ,0.00000000 ,0.00000000 ,0.00000000 ,0.00000000 ,0.00000000 ,0.00000000 
-25.0981117,-50.1644848,0.10643214 ,0.64011867 ,0.20415447 ,0.03420371 ,0.01279584 ,0.00229517 ,0.00000000 ,0.00000000 ,0.00000000 ,0.00000000 
-25.6829111,-48.4658575,0.07839502 ,0.64174771 ,0.21265655 ,0.06331771 ,0.00388302 ,0.00000000 ,0.00000000 ,0.00000000 ,0.00000000 ,0.00000000 
-23.31423,-51.3728361,0.03042560 ,0.75003475 ,0.21774664 ,0.00179301 ,0.00000000 ,0.00000000 ,0.00000000 ,0.00000000 ,0.00000000 ,0.00000000 
-25.442003,-54.4061543,0.04439376 ,0.84910194 ,0.10650430 ,0.00000000 ,0.00000000 ,0.00000000 ,0.00000000 ,0.00000000 ,0.00000000 ,0.00000000 
-24.3268924,-50.6321441,0.12527638 ,0.68389188 ,0.18759044 ,0.00324130 ,0.00000000 ,0.00000000 ,0.00000000 ,0.00000000 ,0.00000000 ,0.00000000 
-24.7318789,-53.7396388,0.04857015 ,0.74571045 ,0.19725230 ,0.00846711 ,0.00000000 ,0.00000000 ,0.00000000 ,0.00000000 ,0.00000000 ,0.00000000 
-23.7600661,-53.3050378,0.05059184 ,0.43363877 ,0.50817006 ,0.00759933 ,0.00000000 ,0.00000000 ,0.00000000 ,0.00000000 ,0.00000000 ,0.00000000 
-22.8673489,-42.3375012,0.00361181 ,0.30268068 ,0.48875813 ,0.19504693 ,0.00990245 ,0.00000000 ,0.00000000 ,0.00000000 ,0.00000000 ,0.00000000 
-22.8862423,-42.0309086,0.38271320 ,0.52184115 ,0.09544565 ,0.00000000 ,0.00000000 ,0.00000000 ,0.00000000 ,0.00000000 ,0.00000000 ,0.00000000 
-21.7555922,-41.3172211,0.07076096 ,0.83395672 ,0.09494406 ,0.00033826 ,0.00000000 ,0.00000000 ,0.00000000 ,0.00000000 ,0.00000000 ,0.00000000 
-22.8417119,-42.2195806,0.02728446 ,0.68890407 ,0.26787341 ,0.01552064 ,0.00041743 ,0.00000000 ,0.00000000 ,0.00000000 ,0.00000000 ,0.00000000 
-22.8703399,-43.7874793,0.01233122 ,0.45978538 ,0.40740863 ,0.11085725 ,0.00961753 ,0.00000000 ,0.00000000 ,0.00000000 ,0.00000000 ,0.00000000 
-22.3866016,-41.7879836,0.32038648 ,0.49648288 ,0.15293467 ,0.03019597 ,0.00000000 ,0.00000000 ,0.00000000 ,0.00000000 ,0.00000000 ,0.00000000 
-22.9124236,-42.829311,0.00288305 ,0.07754404 ,0.58605400 ,0.29065097 ,0.04286794 ,0.00000000 ,0.00000000 ,0.00000000 ,0.00000000 ,0.00000000 
-22.5306615,-41.9528738,0.21421149 ,0.69071871 ,0.08996113 ,0.00510868 ,0.00000000 ,0.00000000 ,0.00000000 ,0.00000000 ,0.00000000 ,0.00000000 
-22.8290711,-43.2925413,0.13619482 ,0.51616262 ,0.26517678 ,0.06980002 ,0.01061137 ,0.00183882 ,0.00021557 ,0.00000000 ,0.00000000 ,0.00000000 
-22.5164878,-44.0938841,0.02826348 ,0.55424787 ,0.33962171 ,0.06813733 ,0.00972960 ,0.00000000 ,0.00000000 ,0.00000000 ,0.00000000 ,0.00000000 
-5.5793436,-36.9248597,0.34829226 ,0.65170774 ,0.00000000 ,0.00000000 ,0.00000000 ,0.00000000 ,0.00000000 ,0.00000000 ,0.00000000 ,0.00000000 
-6.4560466,-37.0906524,0.51588549 ,0.48411451 ,0.00000000 ,0.00000000 ,0.00000000 ,0.00000000 ,0.00000000 ,0.00000000 ,0.00000000 ,0.00000000 
-6.2597546,-36.5215547,0.72883928 ,0.27116072 ,0.00000000 ,0.00000000 ,0.00000000 ,0.00000000 ,0.00000000 ,0.00000000 ,0.00000000 ,0.00000000 
-5.1890751,-37.3385449,0.64388281 ,0.34966893 ,0.00644826 ,0.00000000 ,0.00000000 ,0.00000000 ,0.00000000 ,0.00000000 ,0.00000000 ,0.00000000 
-5.8463989,-35.2446042,0.08957790 ,0.74572653 ,0.14329812 ,0.02061029 ,0.00078716 ,0.00000000 ,0.00000000 ,0.00000000 ,0.00000000 ,0.00000000 
-11.9295177,-61.9957356,0.22483605 ,0.76343180 ,0.01173215 ,0.00000000 ,0.00000000 ,0.00000000 ,0.00000000 ,0.00000000 ,0.00000000 ,0.00000000 
-9.9095754,-63.0363925,0.47559955 ,0.52440045 ,0.00000000 ,0.00000000 ,0.00000000 ,0.00000000 ,0.00000000 ,0.00000000 ,0.00000000 ,0.00000000 
-11.4368576,-61.4513142,0.03012757 ,0.60026402 ,0.32669786 ,0.04291055 ,0.00000000 ,0.00000000 ,0.00000000 ,0.00000000 ,0.00000000 ,0.00000000 
-11.5329593,-61.0167293,0.08341629 ,0.70591280 ,0.21067091 ,0.00000000 ,0.00000000 ,0.00000000 ,0.00000000 ,0.00000000 ,0.00000000 ,0.00000000 
-10.7742204,-65.3216721,0.05122309 ,0.94698272 ,0.00179420 ,0.00000000 ,0.00000000 ,0.00000000 ,0.00000000 ,0.00000000 ,0.00000000 ,0.00000000 
-10.4328704,-62.4749444,0.17995560 ,0.79716685 ,0.02287755 ,0.00000000 ,0.00000000 ,0.00000000 ,0.00000000 ,0.00000000 ,0.00000000 ,0.00000000 
-10.8764034,-61.9392778,0.11657361 ,0.82310982 ,0.06031657 ,0.00000000 ,0.00000000 ,0.00000000 ,0.00000000 ,0.00000000 ,0.00000000 ,0.00000000 
-9.4233111,-61.9982274,0.00113895 ,0.41386147 ,0.51556568 ,0.06943390 ,0.00000000 ,0.00000000 ,0.00000000 ,0.00000000 ,0.00000000 ,0.00000000 
-10.71941,-62.2591339,0.25799580 ,0.74160654 ,0.00039766 ,0.00000000 ,0.00000000 ,0.00000000 ,0.00000000 ,0.00000000 ,0.00000000 ,0.00000000 
-11.684591,-61.178083,0.11813631 ,0.88186369 ,0.00000000 ,0.00000000 ,0.00000000 ,0.00000000 ,0.00000000 ,0.00000000 ,0.00000000 ,0.00000000 
-8.7684484,-63.8559119,0.31887548 ,0.51342108 ,0.13531981 ,0.03229246 ,0.00009118 ,0.00000000 ,0.00000000 ,0.00000000 ,0.00000000 ,0.00000000 
-11.1729796,-61.9062035,0.04882536 ,0.95060855 ,0.00056609 ,0.00000000 ,0.00000000 ,0.00000000 ,0.00000000 ,0.00000000 ,0.00000000 ,0.00000000 
-11.7212507,-61.7821513,0.02632903 ,0.68564833 ,0.27611642 ,0.01190621 ,0.00000000 ,0.00000000 ,0.00000000 ,0.00000000 ,0.00000000 ,0.00000000 
-12.726852,-60.1266651,0.74794462 ,0.25205538 ,0.00000000 ,0.00000000 ,0.00000000 ,0.00000000 ,0.00000000 ,0.00000000 ,0.00000000 ,0.00000000 
2.8081173,-60.7121806,0.06295706 ,0.79941058 ,0.12391649 ,0.01243090 ,0.00128497 ,0.00000000 ,0.00000000 ,0.00000000 ,0.00000000 ,0.00000000 
-29.7926051,-55.7806094,0.02080948 ,0.65530062 ,0.32085047 ,0.00303943 ,0.00000000 ,0.00000000 ,0.00000000 ,0.00000000 ,0.00000000 ,0.00000000 
-31.3243814,-54.1036816,0.01590294 ,0.58152043 ,0.39375854 ,0.00881809 ,0.00000000 ,0.00000000 ,0.00000000 ,0.00000000 ,0.00000000 ,0.00000000 
-29.1653559,-51.5117531,0.00322953 ,0.22547372 ,0.64111880 ,0.11895699 ,0.01119624 ,0.00002472 ,0.00000000 ,0.00000000 ,0.00000000 ,0.00000000 
-29.9231153,-51.1781614,0.00224072 ,0.55870108 ,0.39476047 ,0.03884198 ,0.00535548 ,0.00010027 ,0.00000000 ,0.00000000 ,0.00000000 ,0.00000000 
-28.299681,-52.7935606,0.00247480 ,0.26481621 ,0.67184203 ,0.06086696 ,0.00000000 ,0.00000000 ,0.00000000 ,0.00000000 ,0.00000000 ,0.00000000 
-29.156149,-51.1734635,0.03581855 ,0.58173322 ,0.37017705 ,0.01227119 ,0.00000000 ,0.00000000 ,0.00000000 ,0.00000000 ,0.00000000 ,0.00000000 
-28.6393723,-53.5996677,0.00795519 ,0.31733132 ,0.66632876 ,0.00838474 ,0.00000000 ,0.00000000 ,0.00000000 ,0.00000000 ,0.00000000 ,0.00000000 
-27.640703,-52.272457,0.02233374 ,0.44270431 ,0.44302599 ,0.08943605 ,0.00249991 ,0.00000000 ,0.00000000 ,0.00000000 ,0.00000000 ,0.00000000 
-29.2249954,-51.3392092,0.00784413 ,0.60033738 ,0.34507422 ,0.04387652 ,0.00286775 ,0.00000000 ,0.00000000 ,0.00000000 ,0.00000000 ,0.00000000 
-27.3587371,-53.3918582,0.05363694 ,0.86919671 ,0.07716635 ,0.00000000 ,0.00000000 ,0.00000000 ,0.00000000 ,0.00000000 ,0.00000000 ,0.00000000 
-29.9321671,-51.0302818,0.00742916 ,0.44192194 ,0.47857303 ,0.06044160 ,0.00755494 ,0.00407933 ,0.00000000 ,0.00000000 ,0.00000000 ,0.00000000 
-30.1211149,-51.3413523,0.24950635 ,0.53473225 ,0.15059975 ,0.04639808 ,0.01284961 ,0.00527541 ,0.00063855 ,0.00000000 ,0.00000000 ,0.00000000 
-29.4717115,-51.9731064,0.00564107 ,0.28531408 ,0.61564203 ,0.09063008 ,0.00277273 ,0.00000000 ,0.00000000 ,0.00000000 ,0.00000000 ,0.00000000 
-28.3892446,-53.9135666,0.00238086 ,0.11557972 ,0.66900694 ,0.21303248 ,0.00000000 ,0.00000000 ,0.00000000 ,0.00000000 ,0.00000000 ,0.00000000 
-29.6773542,-51.120725,0.00431093 ,0.21094862 ,0.48776692 ,0.24515664 ,0.04066338 ,0.00995753 ,0.00119598 ,0.00000000 ,0.00000000 ,0.00000000 
-27.9020281,-53.3071835,0.00249661 ,0.27471952 ,0.72278387 ,0.00000000 ,0.00000000 ,0.00000000 ,0.00000000 ,0.00000000 ,0.00000000 ,0.00000000 
-28.2566068,-52.4072756,0.05746402 ,0.83282630 ,0.09837143 ,0.00936194 ,0.00197631 ,0.00000000 ,0.00000000 ,0.00000000 ,0.00000000 ,0.00000000 
-31.7298705,-52.340966,0.17308509 ,0.77527927 ,0.05126327 ,0.00037236 ,0.00000000 ,0.00000000 ,0.00000000 ,0.00000000 ,0.00000000 ,0.00000000 
-30.0825339,-51.1274007,0.00386288 ,0.24345581 ,0.50560676 ,0.21293819 ,0.02769776 ,0.00632120 ,0.00011740 ,0.00000000 ,0.00000000 ,0.00000000 
-32.0628544,-52.1457039,0.73623653 ,0.26211665 ,0.00164682 ,0.00000000 ,0.00000000 ,0.00000000 ,0.00000000 ,0.00000000 ,0.00000000 ,0.00000000 
-30.8774335,-55.525424,0.02738029 ,0.70874165 ,0.26371102 ,0.00016704 ,0.00000000 ,0.00000000 ,0.00000000 ,0.00000000 ,0.00000000 ,0.00000000 
-29.7316745,-52.4266653,0.01349439 ,0.29071659 ,0.48358439 ,0.19534145 ,0.01686318 ,0.00000000 ,0.00000000 ,0.00000000 ,0.00000000 ,0.00000000 
-29.7034629,-53.7828304,0.02979109 ,0.52680718 ,0.41315052 ,0.03025121 ,0.00000000 ,0.00000000 ,0.00000000 ,0.00000000 ,0.00000000 ,0.00000000 
-27.8665863,-54.4606219,0.01628903 ,0.17397804 ,0.65469127 ,0.14456124 ,0.01048042 ,0.00000000 ,0.00000000 ,0.00000000 ,0.00000000 ,0.00000000 
-28.2965642,-54.2545961,0.00190884 ,0.26917425 ,0.68766393 ,0.04125297 ,0.00000000 ,0.00000000 ,0.00000000 ,0.00000000 ,0.00000000 ,0.00000000 
-28.6491614,-56.0105471,0.00677459 ,0.17809256 ,0.72327996 ,0.09185289 ,0.00000000 ,0.00000000 ,0.00000000 ,0.00000000 ,0.00000000 ,0.00000000 
-29.7469625,-51.1510962,0.00503682 ,0.41095171 ,0.44107927 ,0.13165209 ,0.01128012 ,0.00000000 ,0.00000000 ,0.00000000 ,0.00000000 ,0.00000000 
-29.639773,-50.9941269,0.00293152 ,0.12149284 ,0.68678578 ,0.17743689 ,0.01135298 ,0.00000000 ,0.00000000 ,0.00000000 ,0.00000000 ,0.00000000 
-29.8370339,-51.1524577,0.00158717 ,0.41879119 ,0.53992826 ,0.03969339 ,0.00000000 ,0.00000000 ,0.00000000 ,0.00000000 ,0.00000000 ,0.00000000 
-29.1388118,-56.5486224,0.09332461 ,0.41701571 ,0.48965969 ,0.00000000 ,0.00000000 ,0.00000000 ,0.00000000 ,0.00000000 ,0.00000000 ,0.00000000 
-29.6151978,-52.1924494,0.02867821 ,0.77274837 ,0.19617950 ,0.00239392 ,0.00000000 ,0.00000000 ,0.00000000 ,0.00000000 ,0.00000000 ,0.00000000 
-28.9438417,-49.486232,0.33385145 ,0.51662990 ,0.13009761 ,0.01942105 ,0.00000000 ,0.00000000 ,0.00000000 ,0.00000000 ,0.00000000 ,0.00000000 
-28.9807879,-49.4094376,1.00000000 ,0.00000000 ,0.00000000 ,0.00000000 ,0.00000000 ,0.00000000 ,0.00000000 ,0.00000000 ,0.00000000 ,0.00000000 
-27.0106776,-48.6483836,0.54429294 ,0.37548815 ,0.07806688 ,0.00215203 ,0.00000000 ,0.00000000 ,0.00000000 ,0.00000000 ,0.00000000 ,0.00000000 
-26.6444971,-48.6928238,0.28919825 ,0.66651199 ,0.04428977 ,0.00000000 ,0.00000000 ,0.00000000 ,0.00000000 ,0.00000000 ,0.00000000 ,0.00000000 
-28.2765912,-49.1568004,0.07621314 ,0.84143165 ,0.08235521 ,0.00000000 ,0.00000000 ,0.00000000 ,0.00000000 ,0.00000000 ,0.00000000 ,0.00000000 
-26.7828655,-51.0051294,0.19680018 ,0.58824257 ,0.21495725 ,0.00000000 ,0.00000000 ,0.00000000 ,0.00000000 ,0.00000000 ,0.00000000 ,0.00000000 
-27.3982605,-51.2225868,0.23582173 ,0.76417827 ,0.00000000 ,0.00000000 ,0.00000000 ,0.00000000 ,0.00000000 ,0.00000000 ,0.00000000 ,0.00000000 
-26.1719064,-50.3869982,0.15023958 ,0.79199774 ,0.05776268 ,0.00000000 ,0.00000000 ,0.00000000 ,0.00000000 ,0.00000000 ,0.00000000 ,0.00000000 
-27.0986639,-52.64688,0.05436947 ,0.79451891 ,0.15111162 ,0.00000000 ,0.00000000 ,0.00000000 ,0.00000000 ,0.00000000 ,0.00000000 ,0.00000000 
-27.2303859,-52.0283546,0.00199336 ,0.23316722 ,0.63796604 ,0.11395349 ,0.01291990 ,0.00000000 ,0.00000000 ,0.00000000 ,0.00000000 ,0.00000000 
-28.6870832,-49.3607967,0.10977040 ,0.71944506 ,0.14668363 ,0.02379376 ,0.00030714 ,0.00000000 ,0.00000000 ,0.00000000 ,0.00000000 ,0.00000000 
-27.2890568,-50.5790551,1.00000000 ,0.00000000 ,0.00000000 ,0.00000000 ,0.00000000 ,0.00000000 ,0.00000000 ,0.00000000 ,0.00000000 ,0.00000000 
-27.5926171,-48.5475875,0.09126845 ,0.55230265 ,0.24872110 ,0.10458938 ,0.00237305 ,0.00074536 ,0.00000000 ,0.00000000 ,0.00000000 ,0.00000000 
-26.8979486,-48.6731417,0.59182238 ,0.37330191 ,0.03163311 ,0.00324261 ,0.00000000 ,0.00000000 ,0.00000000 ,0.00000000 ,0.00000000 ,0.00000000 
-27.1258697,-48.6024821,0.54692143 ,0.41163720 ,0.04131960 ,0.00012178 ,0.00000000 ,0.00000000 ,0.00000000 ,0.00000000 ,0.00000000 ,0.00000000 
-26.0763741,-48.610404,0.00856674 ,0.54801477 ,0.36801067 ,0.06781574 ,0.00759208 ,0.00000000 ,0.00000000 ,0.00000000 ,0.00000000 ,0.00000000 
-26.4933211,-49.0995862,0.09877842 ,0.81506849 ,0.08615309 ,0.00000000 ,0.00000000 ,0.00000000 ,0.00000000 ,0.00000000 ,0.00000000 ,0.00000000 
-27.1731951,-51.504377,0.00614773 ,0.09711056 ,0.49614584 ,0.39520477 ,0.00539109 ,0.00000000 ,0.00000000 ,0.00000000 ,0.00000000 ,0.00000000 
-27.8120097,-50.3280848,0.54182251 ,0.45040137 ,0.00777613 ,0.00000000 ,0.00000000 ,0.00000000 ,0.00000000 ,0.00000000 ,0.00000000 ,0.00000000 
-26.2434003,-51.0787681,0.07107619 ,0.64571533 ,0.26504355 ,0.01816493 ,0.00000000 ,0.00000000 ,0.00000000 ,0.00000000 ,0.00000000 ,0.00000000 
-26.2485493,-49.5173348,0.04040505 ,0.38072259 ,0.45610701 ,0.12276535 ,0.00000000 ,0.00000000 ,0.00000000 ,0.00000000 ,0.00000000 ,0.00000000 
-26.1140434,-49.8020862,0.00783222 ,0.34982847 ,0.55506829 ,0.06260923 ,0.01940255 ,0.00525924 ,0.00000000 ,0.00000000 ,0.00000000 ,0.00000000 
-26.2433358,-49.3787786,0.03305299 ,0.52087188 ,0.42342304 ,0.02265209 ,0.00000000 ,0.00000000 ,0.00000000 ,0.00000000 ,0.00000000 ,0.00000000 
-27.5806027,-48.6546962,0.20531227 ,0.48040229 ,0.28565343 ,0.02332738 ,0.00435526 ,0.00094937 ,0.00000000 ,0.00000000 ,0.00000000 ,0.00000000 
-26.7348523,-53.5195635,0.01105101 ,0.50549642 ,0.43017507 ,0.04600710 ,0.00727040 ,0.00000000 ,0.00000000 ,0.00000000 ,0.00000000 ,0.00000000 
-29.1081721,-49.6334182,0.12828096 ,0.85344013 ,0.01811460 ,0.00016430 ,0.00000000 ,0.00000000 ,0.00000000 ,0.00000000 ,0.00000000 ,0.00000000 
-29.3354709,-49.7316729,0.71628995 ,0.28371005 ,0.00000000 ,0.00000000 ,0.00000000 ,0.00000000 ,0.00000000 ,0.00000000 ,0.00000000 ,0.00000000 
-28.4590332,-48.9817111,0.13385753 ,0.74962426 ,0.11651821 ,0.00000000 ,0.00000000 ,0.00000000 ,0.00000000 ,0.00000000 ,0.00000000 ,0.00000000 
-27.0057339,-51.1499418,0.02589074 ,0.42119117 ,0.47057979 ,0.06506186 ,0.01727645 ,0.00000000 ,0.00000000 ,0.00000000 ,0.00000000 ,0.00000000 
-26.8738482,-52.4018361,0.03242192 ,0.83907834 ,0.12530466 ,0.00319508 ,0.00000000 ,0.00000000 ,0.00000000 ,0.00000000 ,0.00000000 ,0.00000000 
-10.9191805,-37.075624,0.52492737 ,0.43684477 ,0.03509146 ,0.00296366 ,0.00017274 ,0.00000000 ,0.00000000 ,0.00000000 ,0.00000000 ,0.00000000 
-10.6924747,-37.4303247,0.76603397 ,0.23396603 ,0.00000000 ,0.00000000 ,0.00000000 ,0.00000000 ,0.00000000 ,0.00000000 ,0.00000000 ,0.00000000 
-10.9203507,-37.6684915,0.87179875 ,0.12820125 ,0.00000000 ,0.00000000 ,0.00000000 ,0.00000000 ,0.00000000 ,0.00000000 ,0.00000000 ,0.00000000 
-10.2116184,-37.4202986,1.00000000 ,0.00000000 ,0.00000000 ,0.00000000 ,0.00000000 ,0.00000000 ,0.00000000 ,0.00000000 ,0.00000000 ,0.00000000 
-21.6852541,-51.0741775,0.00137641 ,0.83135096 ,0.16727263 ,0.00000000 ,0.00000000 ,0.00000000 ,0.00000000 ,0.00000000 ,0.00000000 ,0.00000000 
-22.4677675,-48.9815073,0.48960583 ,0.46938988 ,0.04100429 ,0.00000000 ,0.00000000 ,0.00000000 ,0.00000000 ,0.00000000 ,0.00000000 ,0.00000000 
-22.736596,-47.3137754,0.03473150 ,0.79179338 ,0.16160887 ,0.01034761 ,0.00151864 ,0.00000000 ,0.00000000 ,0.00000000 ,0.00000000 ,0.00000000 
-22.7097466,-46.7833163,0.01587005 ,0.59488545 ,0.38564687 ,0.00341074 ,0.00018689 ,0.00000000 ,0.00000000 ,0.00000000 ,0.00000000 ,0.00000000 
-20.8976252,-51.3757811,0.04119521 ,0.83636553 ,0.11964030 ,0.00279895 ,0.00000000 ,0.00000000 ,0.00000000 ,0.00000000 ,0.00000000 ,0.00000000 
-21.1971313,-50.4405163,0.12041445 ,0.76047675 ,0.10149172 ,0.01451147 ,0.00310560 ,0.00000000 ,0.00000000 ,0.00000000 ,0.00000000 ,0.00000000 
-21.7756199,-48.1560226,0.14414098 ,0.73431349 ,0.11075588 ,0.01029337 ,0.00049627 ,0.00000000 ,0.00000000 ,0.00000000 ,0.00000000 ,0.00000000 
-22.3556481,-47.365015,0.31282262 ,0.59580095 ,0.08818566 ,0.00319077 ,0.00000000 ,0.00000000 ,0.00000000 ,0.00000000 ,0.00000000 ,0.00000000 
-22.5627784,-47.1650456,0.29938574 ,0.69804921 ,0.00256505 ,0.00000000 ,0.00000000 ,0.00000000 ,0.00000000 ,0.00000000 ,0.00000000 ,0.00000000 
-22.6594805,-50.4189809,0.20766831 ,0.79106025 ,0.00127144 ,0.00000000 ,0.00000000 ,0.00000000 ,0.00000000 ,0.00000000 ,0.00000000 ,0.00000000 
-23.1307213,-46.5611409,0.08863881 ,0.59128372 ,0.22712148 ,0.08270054 ,0.01013600 ,0.00011945 ,0.00000000 ,0.00000000 ,0.00000000 ,0.00000000 
-23.1034152,-48.9182554,0.34235264 ,0.63917326 ,0.01847410 ,0.00000000 ,0.00000000 ,0.00000000 ,0.00000000 ,0.00000000 ,0.00000000 ,0.00000000 
-22.0789192,-48.7395157,0.16483426 ,0.83516574 ,0.00000000 ,0.00000000 ,0.00000000 ,0.00000000 ,0.00000000 ,0.00000000 ,0.00000000 ,0.00000000 
-22.4923655,-48.5595421,0.34391828 ,0.59442473 ,0.06148385 ,0.00017315 ,0.00000000 ,0.00000000 ,0.00000000 ,0.00000000 ,0.00000000 ,0.00000000 
-20.5567139,-48.5641368,0.25403257 ,0.73301485 ,0.01295258 ,0.00000000 ,0.00000000 ,0.00000000 ,0.00000000 ,0.00000000 ,0.00000000 ,0.00000000 
-20.894277,-47.5818367,0.46217562 ,0.51910371 ,0.01872067 ,0.00000000 ,0.00000000 ,0.00000000 ,0.00000000 ,0.00000000 ,0.00000000 ,0.00000000 
-22.3208772,-49.0655194,0.18188139 ,0.69352746 ,0.11052626 ,0.01166076 ,0.00226703 ,0.00013710 ,0.00000000 ,0.00000000 ,0.00000000 ,0.00000000 
-20.9409927,-48.479733,0.51797486 ,0.48196388 ,0.00006126 ,0.00000000 ,0.00000000 ,0.00000000 ,0.00000000 ,0.00000000 ,0.00000000 ,0.00000000 
-21.2786688,-50.3430422,0.06963313 ,0.89015196 ,0.04021491 ,0.00000000 ,0.00000000 ,0.00000000 ,0.00000000 ,0.00000000 ,0.00000000 ,0.00000000 
-23.276943,-47.6704247,0.04177372 ,0.72775418 ,0.23047210 ,0.00000000 ,0.00000000 ,0.00000000 ,0.00000000 ,0.00000000 ,0.00000000 ,0.00000000 
-22.893301,-48.4486355,0.36771072 ,0.56433594 ,0.06757562 ,0.00037772 ,0.00000000 ,0.00000000 ,0.00000000 ,0.00000000 ,0.00000000 ,0.00000000 
-22.9508191,-46.5384172,0.46731706 ,0.50161206 ,0.03107088 ,0.00000000 ,0.00000000 ,0.00000000 ,0.00000000 ,0.00000000 ,0.00000000 ,0.00000000 
-23.1073076,-45.7016082,0.18165149 ,0.81834851 ,0.00000000 ,0.00000000 ,0.00000000 ,0.00000000 ,0.00000000 ,0.00000000 ,0.00000000 ,0.00000000 
-23.3721314,-46.736239,0.02121516 ,0.69255529 ,0.28564261 ,0.00058694 ,0.00000000 ,0.00000000 ,0.00000000 ,0.00000000 ,0.00000000 ,0.00000000 
-22.9143445,-47.0917768,0.12713943 ,0.71427020 ,0.14319020 ,0.01501262 ,0.00038754 ,0.00000000 ,0.00000000 ,0.00000000 ,0.00000000 ,0.00000000 
-22.7481372,-50.3858583,0.02913946 ,0.81622974 ,0.15463080 ,0.00000000 ,0.00000000 ,0.00000000 ,0.00000000 ,0.00000000 ,0.00000000 ,0.00000000 
-23.9975142,-48.3432005,0.35105397 ,0.64894603 ,0.00000000 ,0.00000000 ,0.00000000 ,0.00000000 ,0.00000000 ,0.00000000 ,0.00000000 ,0.00000000 
-22.9983367,-47.5040299,0.03878788 ,0.42834499 ,0.52054390 ,0.01232323 ,0.00000000 ,0.00000000 ,0.00000000 ,0.00000000 ,0.00000000 ,0.00000000 
-21.1374537,-48.9795519,0.28333419 ,0.70485348 ,0.01181233 ,0.00000000 ,0.00000000 ,0.00000000 ,0.00000000 ,0.00000000 ,0.00000000 ,0.00000000 
-23.1677539,-47.7459075,0.33517269 ,0.64539321 ,0.01943410 ,0.00000000 ,0.00000000 ,0.00000000 ,0.00000000 ,0.00000000 ,0.00000000 ,0.00000000 
-22.6368675,-47.1869351,0.26899270 ,0.65563413 ,0.07537317 ,0.00000000 ,0.00000000 ,0.00000000 ,0.00000000 ,0.00000000 ,0.00000000 ,0.00000000 
-22.5721327,-44.9552836,0.10530288 ,0.87606206 ,0.01863506 ,0.00000000 ,0.00000000 ,0.00000000 ,0.00000000 ,0.00000000 ,0.00000000 ,0.00000000 
-21.9119727,-47.6157399,0.26950742 ,0.57828766 ,0.15220492 ,0.00000000 ,0.00000000 ,0.00000000 ,0.00000000 ,0.00000000 ,0.00000000 ,0.00000000 
-21.4903514,-51.5375988,0.08667756 ,0.86330529 ,0.05001715 ,0.00000000 ,0.00000000 ,0.00000000 ,0.00000000 ,0.00000000 ,0.00000000 ,0.00000000 
-22.1914061,-46.75923,0.25977405 ,0.61549394 ,0.12473201 ,0.00000000 ,0.00000000 ,0.00000000 ,0.00000000 ,0.00000000 ,0.00000000 ,0.00000000 
-20.2787365,-50.2533813,0.13671732 ,0.82178412 ,0.04149856 ,0.00000000 ,0.00000000 ,0.00000000 ,0.00000000 ,0.00000000 ,0.00000000 ,0.00000000 
-20.5319748,-47.4017961,0.52364460 ,0.41629552 ,0.05562676 ,0.00443312 ,0.00000000 ,0.00000000 ,0.00000000 ,0.00000000 ,0.00000000 ,0.00000000 
-23.2964249,-46.7283542,0.00002723 ,0.17359512 ,0.56115506 ,0.22953909 ,0.03568349 ,0.00000000 ,0.00000000 ,0.00000000 ,0.00000000 ,0.00000000 
-22.2105576,-49.660825,0.16728484 ,0.80095502 ,0.03176013 ,0.00000000 ,0.00000000 ,0.00000000 ,0.00000000 ,0.00000000 ,0.00000000 ,0.00000000 
-20.3224842,-48.3162282,0.35747051 ,0.58497940 ,0.05513949 ,0.00241060 ,0.00000000 ,0.00000000 ,0.00000000 ,0.00000000 ,0.00000000 ,0.00000000 
-22.7906505,-45.1735282,0.15835657 ,0.72354592 ,0.11751615 ,0.00058136 ,0.00000000 ,0.00000000 ,0.00000000 ,0.00000000 ,0.00000000 ,0.00000000 
-21.3613355,-48.2320686,0.21533985 ,0.76112663 ,0.02353352 ,0.00000000 ,0.00000000 ,0.00000000 ,0.00000000 ,0.00000000 ,0.00000000 ,0.00000000 
-22.8807199,-47.1940537,0.21420630 ,0.69849987 ,0.08729383 ,0.00000000 ,0.00000000 ,0.00000000 ,0.00000000 ,0.00000000 ,0.00000000 ,0.00000000 
-21.7578424,-48.8287126,0.58740791 ,0.41259209 ,0.00000000 ,0.00000000 ,0.00000000 ,0.00000000 ,0.00000000 ,0.00000000 ,0.00000000 ,0.00000000 
-23.1046539,-47.2245437,0.04676170 ,0.76017785 ,0.17162784 ,0.01992614 ,0.00135990 ,0.00014658 ,0.00000000 ,0.00000000 ,0.00000000 ,0.00000000 
-23.5914941,-48.0411972,0.16556234 ,0.78281256 ,0.05162510 ,0.00000000 ,0.00000000 ,0.00000000 ,0.00000000 ,0.00000000 ,0.00000000 ,0.00000000 
-23.9843774,-48.8808279,0.30528361 ,0.68802773 ,0.00668867 ,0.00000000 ,0.00000000 ,0.00000000 ,0.00000000 ,0.00000000 ,0.00000000 ,0.00000000 
-22.4331284,-46.8164013,0.06482062 ,0.76936174 ,0.15944319 ,0.00637446 ,0.00000000 ,0.00000000 ,0.00000000 ,0.00000000 ,0.00000000 ,0.00000000 
-21.5989631,-48.8137673,0.32244042 ,0.67326378 ,0.00429580 ,0.00000000 ,0.00000000 ,0.00000000 ,0.00000000 ,0.00000000 ,0.00000000 ,0.00000000 
-24.1115709,-49.3322946,0.26622255 ,0.72750753 ,0.00626993 ,0.00000000 ,0.00000000 ,0.00000000 ,0.00000000 ,0.00000000 ,0.00000000 ,0.00000000 
-23.0085873,-46.8412547,0.02598809 ,0.53158750 ,0.41162055 ,0.03068988 ,0.00011398 ,0.00000000 ,0.00000000 ,0.00000000 ,0.00000000 ,0.00000000 
-23.2685734,-47.2973777,0.01352992 ,0.58212964 ,0.36734388 ,0.03458917 ,0.00130013 ,0.00110725 ,0.00000000 ,0.00000000 ,0.00000000 ,0.00000000 
-23.1567133,-47.0505367,0.00444248 ,0.72514770 ,0.25915244 ,0.00979206 ,0.00146532 ,0.00000000 ,0.00000000 ,0.00000000 ,0.00000000 ,0.00000000 
-20.3307564,-47.7850409,0.46459942 ,0.53064169 ,0.00475889 ,0.00000000 ,0.00000000 ,0.00000000 ,0.00000000 ,0.00000000 ,0.00000000 ,0.00000000 
-21.2576727,-48.3200531,0.07337813 ,0.78739371 ,0.13323423 ,0.00599393 ,0.00000000 ,0.00000000 ,0.00000000 ,0.00000000 ,0.00000000 ,0.00000000 
-23.298962,-45.972227,0.18150637 ,0.72333537 ,0.09515826 ,0.00000000 ,0.00000000 ,0.00000000 ,0.00000000 ,0.00000000 ,0.00000000 ,0.00000000 
-22.6898725,-46.9835244,0.04219289 ,0.64232242 ,0.30116007 ,0.01329600 ,0.00102863 ,0.00000000 ,0.00000000 ,0.00000000 ,0.00000000 ,0.00000000 
-20.2699321,-50.5441086,0.05226050 ,0.86817050 ,0.07854279 ,0.00102621 ,0.00000000 ,0.00000000 ,0.00000000 ,0.00000000 ,0.00000000 ,0.00000000 
-22.2960857,-48.5617362,0.38673681 ,0.59927544 ,0.01398775 ,0.00000000 ,0.00000000 ,0.00000000 ,0.00000000 ,0.00000000 ,0.00000000 ,0.00000000 
-23.1945763,-46.8722615,0.05169989 ,0.57286228 ,0.33024672 ,0.03981194 ,0.00522701 ,0.00015215 ,0.00000000 ,0.00000000 ,0.00000000 ,0.00000000 
-21.5075767,-51.4376839,0.02811802 ,0.94979884 ,0.02208315 ,0.00000000 ,0.00000000 ,0.00000000 ,0.00000000 ,0.00000000 ,0.00000000 ,0.00000000 
-23.0500635,-47.8350051,0.35959378 ,0.64014693 ,0.00025929 ,0.00000000 ,0.00000000 ,0.00000000 ,0.00000000 ,0.00000000 ,0.00000000 ,0.00000000 
-22.1866627,-47.3827659,0.24638448 ,0.71669777 ,0.03618209 ,0.00073566 ,0.00000000 ,0.00000000 ,0.00000000 ,0.00000000 ,0.00000000 ,0.00000000 
-22.598471,-48.8007747,0.25596391 ,0.67760227 ,0.06643381 ,0.00000000 ,0.00000000 ,0.00000000 ,0.00000000 ,0.00000000 ,0.00000000 ,0.00000000 
-22.5766189,-47.4098857,0.15889474 ,0.70326943 ,0.12948068 ,0.00834614 ,0.00000900 ,0.00000000 ,0.00000000 ,0.00000000 ,0.00000000 ,0.00000000 
-21.671884,-49.7453682,0.35387378 ,0.64603171 ,0.00009451 ,0.00000000 ,0.00000000 ,0.00000000 ,0.00000000 ,0.00000000 ,0.00000000 ,0.00000000 
-22.7382454,-45.1120426,0.13504102 ,0.75450137 ,0.11045762 ,0.00000000 ,0.00000000 ,0.00000000 ,0.00000000 ,0.00000000 ,0.00000000 ,0.00000000 
-23.085093,-46.9616537,0.00594147 ,0.56957564 ,0.40494653 ,0.01953636 ,0.00000000 ,0.00000000 ,0.00000000 ,0.00000000 ,0.00000000 ,0.00000000 
-21.7256844,-51.019903,0.03242650 ,0.66301009 ,0.30456341 ,0.00000000 ,0.00000000 ,0.00000000 ,0.00000000 ,0.00000000 ,0.00000000 ,0.00000000 
-22.2046639,-49.9500395,0.41505707 ,0.57743299 ,0.00750994 ,0.00000000 ,0.00000000 ,0.00000000 ,0.00000000 ,0.00000000 ,0.00000000 ,0.00000000 
-22.1487257,-51.1686744,0.16549093 ,0.83060473 ,0.00390434 ,0.00000000 ,0.00000000 ,0.00000000 ,0.00000000 ,0.00000000 ,0.00000000 ,0.00000000 
-21.6090628,-48.3721416,0.03592475 ,0.88932457 ,0.07475068 ,0.00000000 ,0.00000000 ,0.00000000 ,0.00000000 ,0.00000000 ,0.00000000 ,0.00000000 
-20.817981,-49.5040016,0.02110374 ,0.94082300 ,0.03807326 ,0.00000000 ,0.00000000 ,0.00000000 ,0.00000000 ,0.00000000 ,0.00000000 ,0.00000000 
-21.4711932,-47.0078279,0.16055662 ,0.79077488 ,0.04866850 ,0.00000000 ,0.00000000 ,0.00000000 ,0.00000000 ,0.00000000 ,0.00000000 ,0.00000000 
-22.3927256,-46.9467165,0.28138318 ,0.66276922 ,0.05560699 ,0.00024062 ,0.00000000 ,0.00000000 ,0.00000000 ,0.00000000 ,0.00000000 ,0.00000000 
-21.2620631,-48.4933989,0.58912692 ,0.40575990 ,0.00511318 ,0.00000000 ,0.00000000 ,0.00000000 ,0.00000000 ,0.00000000 ,0.00000000 ,0.00000000 
-22.9401872,-47.2799756,0.13026582 ,0.78147770 ,0.08825648 ,0.00000000 ,0.00000000 ,0.00000000 ,0.00000000 ,0.00000000 ,0.00000000 ,0.00000000 
-22.8107024,-47.2349205,0.22660233 ,0.65099214 ,0.11895687 ,0.00344865 ,0.00000000 ,0.00000000 ,0.00000000 ,0.00000000 ,0.00000000 ,0.00000000 
-21.4684607,-49.2165492,0.37557599 ,0.62442401 ,0.00000000 ,0.00000000 ,0.00000000 ,0.00000000 ,0.00000000 ,0.00000000 ,0.00000000 ,0.00000000 
-20.7367119,-48.9034416,0.43183807 ,0.56816193 ,0.00000000 ,0.00000000 ,0.00000000 ,0.00000000 ,0.00000000 ,0.00000000 ,0.00000000 ,0.00000000 
-21.7924084,-50.8816887,0.02740340 ,0.94071064 ,0.03188596 ,0.00000000 ,0.00000000 ,0.00000000 ,0.00000000 ,0.00000000 ,0.00000000 ,0.00000000 
-22.9806936,-49.8730467,0.05534465 ,0.82999276 ,0.11466259 ,0.00000000 ,0.00000000 ,0.00000000 ,0.00000000 ,0.00000000 ,0.00000000 ,0.00000000 
-21.3650028,-51.8583347,0.00298194 ,0.76934121 ,0.22767685 ,0.00000000 ,0.00000000 ,0.00000000 ,0.00000000 ,0.00000000 ,0.00000000 ,0.00000000 
-22.7479202,-47.1668105,0.23451603 ,0.62511091 ,0.14037306 ,0.00000000 ,0.00000000 ,0.00000000 ,0.00000000 ,0.00000000 ,0.00000000 ,0.00000000 
-22.7292927,-46.9009848,0.01259314 ,0.14003803 ,0.65660897 ,0.17397547 ,0.01678438 ,0.00000000 ,0.00000000 ,0.00000000 ,0.00000000 ,0.00000000 
-21.4203033,-50.0758566,0.05560431 ,0.89261938 ,0.05177631 ,0.00000000 ,0.00000000 ,0.00000000 ,0.00000000 ,0.00000000 ,0.00000000 ,0.00000000 
-24.296672,-46.9800841,0.23771904 ,0.62540096 ,0.13688000 ,0.00000000 ,0.00000000 ,0.00000000 ,0.00000000 ,0.00000000 ,0.00000000 ,0.00000000 
-23.8110202,-47.7208422,0.39873418 ,0.59179492 ,0.00947090 ,0.00000000 ,0.00000000 ,0.00000000 ,0.00000000 ,0.00000000 ,0.00000000 ,0.00000000 
-22.9368022,-45.4657482,0.21311641 ,0.75442015 ,0.03246344 ,0.00000000 ,0.00000000 ,0.00000000 ,0.00000000 ,0.00000000 ,0.00000000 ,0.00000000 
-22.7111183,-47.6506703,0.14252326 ,0.70553693 ,0.14188457 ,0.00911475 ,0.00094049 ,0.00000000 ,0.00000000 ,0.00000000 ,0.00000000 ,0.00000000 
-22.2785218,-51.500013,0.08893639 ,0.91106361 ,0.00000000 ,0.00000000 ,0.00000000 ,0.00000000 ,0.00000000 ,0.00000000 ,0.00000000 ,0.00000000 
-21.9969607,-47.4234979,0.16490312 ,0.82315395 ,0.01194292 ,0.00000000 ,0.00000000 ,0.00000000 ,0.00000000 ,0.00000000 ,0.00000000 ,0.00000000 
-23.2068337,-47.5241531,0.01564080 ,0.39213421 ,0.57183831 ,0.02038669 ,0.00000000 ,0.00000000 ,0.00000000 ,0.00000000 ,0.00000000 ,0.00000000 
-21.8533395,-47.4760289,0.52584916 ,0.46955429 ,0.00459655 ,0.00000000 ,0.00000000 ,0.00000000 ,0.00000000 ,0.00000000 ,0.00000000 ,0.00000000 
-21.7765501,-52.1211429,0.43575607 ,0.56369681 ,0.00054712 ,0.00000000 ,0.00000000 ,0.00000000 ,0.00000000 ,0.00000000 ,0.00000000 ,0.00000000 
-22.112585,-51.4077531,0.11188074 ,0.78616777 ,0.09755467 ,0.00439683 ,0.00000000 ,0.00000000 ,0.00000000 ,0.00000000 ,0.00000000 ,0.00000000 
-21.8750549,-51.8451597,0.07127198 ,0.87915530 ,0.04957273 ,0.00000000 ,0.00000000 ,0.00000000 ,0.00000000 ,0.00000000 ,0.00000000 ,0.00000000 
-21.538512,-49.855151,0.07101553 ,0.90747880 ,0.02150567 ,0.00000000 ,0.00000000 ,0.00000000 ,0.00000000 ,0.00000000 ,0.00000000 ,0.00000000 
-22.2218265,-51.3076343,0.08304568 ,0.89574266 ,0.02121167 ,0.00000000 ,0.00000000 ,0.00000000 ,0.00000000 ,0.00000000 ,0.00000000 ,0.00000000 
-21.2076157,-47.8011744,0.29436472 ,0.60273686 ,0.09802148 ,0.00482499 ,0.00004942 ,0.00000253 ,0.00000000 ,0.00000000 ,0.00000000 ,0.00000000 
-22.4121615,-47.5651856,0.40985555 ,0.58097212 ,0.00917232 ,0.00000000 ,0.00000000 ,0.00000000 ,0.00000000 ,0.00000000 ,0.00000000 ,0.00000000 
-22.8459879,-47.6068322,0.32548473 ,0.66567164 ,0.00884363 ,0.00000000 ,0.00000000 ,0.00000000 ,0.00000000 ,0.00000000 ,0.00000000 ,0.00000000 
-23.1936342,-47.2927161,0.03322244 ,0.76598311 ,0.18147104 ,0.01831690 ,0.00100651 ,0.00000000 ,0.00000000 ,0.00000000 ,0.00000000 ,0.00000000 
-22.7481317,-47.3983414,0.19525416 ,0.66231884 ,0.12161367 ,0.02033744 ,0.00047588 ,0.00000000 ,0.00000000 ,0.00000000 ,0.00000000 ,0.00000000 
-22.9030608,-49.6283944,0.21688991 ,0.60412046 ,0.17898962 ,0.00000000 ,0.00000000 ,0.00000000 ,0.00000000 ,0.00000000 ,0.00000000 ,0.00000000 
-20.2051062,-50.9258835,0.00947165 ,0.77195384 ,0.21857450 ,0.00000000 ,0.00000000 ,0.00000000 ,0.00000000 ,0.00000000 ,0.00000000 ,0.00000000 
-21.7034239,-47.4885683,0.20385216 ,0.70431328 ,0.09108967 ,0.00074489 ,0.00000000 ,0.00000000 ,0.00000000 ,0.00000000 ,0.00000000 ,0.00000000 
-23.9628667,-46.3079658,0.52284554 ,0.42571967 ,0.04602102 ,0.00541378 ,0.00000000 ,0.00000000 ,0.00000000 ,0.00000000 ,0.00000000 ,0.00000000 
-22.0099236,-47.8967066,0.44308732 ,0.53553980 ,0.02132604 ,0.00004684 ,0.00000000 ,0.00000000 ,0.00000000 ,0.00000000 ,0.00000000 ,0.00000000 
-21.9815524,-46.7808004,0.16807962 ,0.73158567 ,0.08653910 ,0.01379561 ,0.00000000 ,0.00000000 ,0.00000000 ,0.00000000 ,0.00000000 ,0.00000000 
-20.5880034,-47.8648715,0.32832262 ,0.64985486 ,0.02182252 ,0.00000000 ,0.00000000 ,0.00000000 ,0.00000000 ,0.00000000 ,0.00000000 ,0.00000000 
-20.8051065,-49.3757571,0.13432787 ,0.80522123 ,0.05842225 ,0.00197580 ,0.00005285 ,0.00000000 ,0.00000000 ,0.00000000 ,0.00000000 ,0.00000000 
-23.1911915,-45.8721457,0.32659118 ,0.60230529 ,0.06707379 ,0.00402974 ,0.00000000 ,0.00000000 ,0.00000000 ,0.00000000 ,0.00000000 ,0.00000000 
-21.5959982,-46.9033988,0.12188561 ,0.77060013 ,0.10751426 ,0.00000000 ,0.00000000 ,0.00000000 ,0.00000000 ,0.00000000 ,0.00000000 ,0.00000000 
-22.7426441,-48.5648797,0.55874216 ,0.38504944 ,0.05620840 ,0.00000000 ,0.00000000 ,0.00000000 ,0.00000000 ,0.00000000 ,0.00000000 ,0.00000000 
-23.5741506,-46.6085097,0.26611335 ,0.57188884 ,0.13237945 ,0.02489569 ,0.00375454 ,0.00088382 ,0.00008255 ,0.00000177 ,0.00000000 ,0.00000000 
-22.5471331,-47.9069473,0.28764023 ,0.61613972 ,0.09357471 ,0.00264533 ,0.00000000 ,0.00000000 ,0.00000000 ,0.00000000 ,0.00000000 ,0.00000000 
-21.1298265,-47.9973055,0.16241059 ,0.79876715 ,0.03882226 ,0.00000000 ,0.00000000 ,0.00000000 ,0.00000000 ,0.00000000 ,0.00000000 ,0.00000000 
-23.5093183,-47.4635983,0.06277311 ,0.70958273 ,0.21284915 ,0.01434820 ,0.00044681 ,0.00000000 ,0.00000000 ,0.00000000 ,0.00000000 ,0.00000000 
-21.7043513,-47.274646,0.27774508 ,0.72062486 ,0.00163007 ,0.00000000 ,0.00000000 ,0.00000000 ,0.00000000 ,0.00000000 ,0.00000000 ,0.00000000 
-21.4047692,-48.4991924,0.18302763 ,0.79493662 ,0.02203575 ,0.00000000 ,0.00000000 ,0.00000000 ,0.00000000 ,0.00000000 ,0.00000000 ,0.00000000 
-23.3561624,-47.8500281,0.18826948 ,0.75236589 ,0.05936462 ,0.00000000 ,0.00000000 ,0.00000000 ,0.00000000 ,0.00000000 ,0.00000000 ,0.00000000 
-23.0242786,-45.5776598,0.15491287 ,0.74368833 ,0.09611852 ,0.00493387 ,0.00034642 ,0.00000000 ,0.00000000 ,0.00000000 ,0.00000000 ,0.00000000 
-23.0957344,-47.7119158,0.17458080 ,0.68423021 ,0.14118899 ,0.00000000 ,0.00000000 ,0.00000000 ,0.00000000 ,0.00000000 ,0.00000000 ,0.00000000 
-21.932245,-50.5109297,0.08080891 ,0.89335246 ,0.02583863 ,0.00000000 ,0.00000000 ,0.00000000 ,0.00000000 ,0.00000000 ,0.00000000 ,0.00000000 
-21.3895127,-51.5748172,0.30486221 ,0.69513779 ,0.00000000 ,0.00000000 ,0.00000000 ,0.00000000 ,0.00000000 ,0.00000000 ,0.00000000 ,0.00000000 
-22.9674444,-46.9914369,0.02258466 ,0.50700395 ,0.45199633 ,0.01698969 ,0.00142536 ,0.00000000 ,0.00000000 ,0.00000000 ,0.00000000 ,0.00000000 
-21.8370085,-46.9032647,0.83022180 ,0.16971397 ,0.00006423 ,0.00000000 ,0.00000000 ,0.00000000 ,0.00000000 ,0.00000000 ,0.00000000 ,0.00000000 
-23.0411058,-46.9968657,0.00249585 ,0.26279417 ,0.60011067 ,0.12103696 ,0.01356236 ,0.00000000 ,0.00000000 ,0.00000000 ,0.00000000 ,0.00000000 
-20.4131227,-49.9782805,0.11346470 ,0.84821791 ,0.03831740 ,0.00000000 ,0.00000000 ,0.00000000 ,0.00000000 ,0.00000000 ,0.00000000 ,0.00000000 
-7.1820365,-48.2154174,0.03970171 ,0.62267542 ,0.31194412 ,0.02509425 ,0.00058449 ,0.00000000 ,0.00000000 ,0.00000000 ,0.00000000 ,0.00000000 
-8.8394149,-48.5107715,0.04751524 ,0.86602623 ,0.08645853 ,0.00000000 ,0.00000000 ,0.00000000 ,0.00000000 ,0.00000000 ,0.00000000 ,0.00000000 
-11.7366996,-49.088404,0.24262625 ,0.64518144 ,0.08595717 ,0.02455640 ,0.00167874 ,0.00000000 ,0.00000000 ,0.00000000 ,0.00000000 ,0.00000000 
-10.274089,-48.3239195,0.08870259 ,0.81072787 ,0.08567672 ,0.01308037 ,0.00181245 ,0.00000000 ,0.00000000 ,0.00000000 ,0.00000000 ,0.00000000 
-10.1791439,-48.8954754,0.04422531 ,0.72277836 ,0.23130302 ,0.00169331 ,0.00000000 ,0.00000000 ,0.00000000 ,0.00000000 ,0.00000000 ,0.00000000 
-10.7067636,-48.3943342,0.02824464 ,0.79656877 ,0.17518659 ,0.00000000 ,0.00000000 ,0.00000000 ,0.00000000 ,0.00000000 ,0.00000000 ,0.00000000 